Country/Region,City,State/Province,Postal Code,Latitude,Longitude,Lot's O' Nuts Distance (km),Wicked Choccy's Distance (km),Sugar Shack Distance (km),Secret Factory Distance (km),The Other Factory Distance (km)
United States,Houston,Texas,77095,29.7589382,-95.3676974,1594.3070244623425,1385.22305169519,2042.7423143785559,1369.5640708816766,781.6959282884843
United States,Naperville,Illinois,60540,41.7728699,-88.1479278,2300.48476390969,1246.4569711339832,946.4244842378212,204.23932180181185,756.8299942834068
United States,Philadelphia,Pennsylvania,19143,39.9527237,-75.1635262,3343.480670048191,1024.6032249256082,1901.0039825617444,1307.2112874004342,1409.7831562621138
United States,Henderson,Kentucky,42420,37.76721,-87.5573742,2255.6471221598526,864.5734209894244,1346.2800060507961,483.42190977154127,365.24353091512046
United States,Athens,Georgia,30605,33.9597677,-83.376398,2629.318359739607,298.9407157261577,1900.225881669473,1044.6216129882825,617.486222068985
United States,Los Angeles,California,90049,34.0536909,-118.242766,614.438285811656,3450.3594814978314,2406.230384330631,2555.479269984209,2582.1409708122683
United States,Huntsville,Texas,77340,30.7235263,-95.5507771,1549.6206155908453,1379.797712213756,1935.044006752212,1273.0893046700114,713.8575622536832
United States,Laredo,Texas,78041,27.5079211,-99.5069834,1319.9497122405683,1845.8057423003117,2309.8440449974755,1750.8361645670884,1238.3656208021969
United States,Springfield,Virginia,22153,38.7749935,-77.1803819,3166.6030032392973,824.5293820648177,1844.7008311589045,1175.0597219621336,1205.9428781898605
United States,Dover,Delaware,19901,39.158168,-75.5243682,3310.4772659878126,933.9155384244541,1928.9257827335293,1298.8750014291854,1355.2806288941583
United States,San Francisco,California,94109,37.7879363,-122.4075201,1107.579150381621,3788.7546569502565,2407.0099632943643,2741.866434468095,2901.6829389216177
United States,Mount Pleasant,South Carolina,29464,32.7927956,-79.8678322,2968.8130823714146,139.53489536843844,2183.5026319127414,1349.047723459279,966.538965282595
United States,Newark,Ohio,43055,40.0581205,-82.4012643,2730.2858769608733,895.3293859552412,1415.701589657809,704.5256300577935,863.5355683324283
United States,Bossier City,Louisiana,71111,32.515887,-93.7336536,1685.9675509519843,1188.875815184352,1747.124757483315,1031.9125377358182,452.1586532000498
United States,Philadelphia,Pennsylvania,19140,39.9527237,-75.1635262,3343.480670048191,1024.6032249256082,1901.0039825617444,1307.2112874004342,1409.7831562621138
United States,Roswell,Georgia,30076,34.02332,-84.360022,2538.3656750138744,373.9402724055248,1849.5613519082124,988.838351859398,527.8848148414098
United States,Philadelphia,Pennsylvania,19134,39.9527237,-75.1635262,3343.480670048191,1024.6032249256082,1901.0039825617444,1307.2112874004342,1409.7831562621138
United States,Springfield,Oregon,97477,44.0462362,-123.0220289,1578.349461319377,3856.836043424779,2107.624459192631,2648.7600465958913,2977.7751279114123
United States,Scottsdale,Arizona,85254,33.4942189,-111.926018,69.65654980228574,2876.5291254251592,2089.247056858164,2074.6990620587994,2020.5520310530096
United States,Jonesboro,Arkansas,72401,35.8348088,-90.7045297,1957.2298561542377,979.8325940432815,1438.060696755425,624.0895965918131,103.79006064355865
United States,Westland,Michigan,48185,42.3238056,-83.4005321,2694.437047783138,1157.6075833465402,1188.1600676495443,600.9185045475223,982.6633591582793
United States,Smyrna,Tennessee,37167,35.9824598,-86.5199492,2334.4312232095385,662.5067758628638,1564.8314620007932,701.4492311598407,326.67901802150965
United States,Miami,Florida,33180,25.7741566,-80.1935973,3148.3767021298904,706.1323318958205,2849.1443344960244,1986.2599317867164,1397.632928327576
Canada,Toronto,Ontario,M7A,43.6534817,-79.3839347,3045.817686798726,1295.9203837263228,1388.1807330869071,947.4222286689859,1312.707709746289
United States,Lafayette,Indiana,47905,40.4191229,-86.8919011,2362.3212475218684,1063.07691713682,1129.7753707252448,329.0270386909631,648.5594528608254
United States,Las Vegas,Nevada,89115,36.1674263,-115.1484131,478.85228454725643,3151.849125031706,2042.2587965955488,2201.1143718933818,2271.769084305772
United States,Rapid City,South Dakota,57701,44.0806041,-103.228023,1448.346644516123,2340.943331236678,704.3863291944674,1073.160813485,1507.6590653638218
United States,Alexandria,Virginia,22304,38.8051095,-77.0470229,3178.2262848678774,832.7492050700428,1851.3473618470996,1184.92690367498,1217.9761444367339
United States,San Diego,California,92037,32.7157062,-117.1638284,504.61729613437114,3371.305899569829,2452.235618001536,2538.453846705738,2515.5540489783484
United States,New York City,New York,10024,40.7127281,-74.0060152,3444.7116796335486,1149.7480903578003,1935.0417325446479,1388.2632992536146,1529.490107829137
United States,Detroit,Michigan,48234,42.3315509,-83.0466403,2722.9400603563595,1153.3634969498162,1210.9101073003915,629.9128006591839,1001.3685732702656
United States,Mission Viejo,California,92691,33.5965685,-117.659405,553.5636204439828,3403.220819439985,2407.735075555089,2531.137544515445,2539.1235831434005
United States,Green Bay,Wisconsin,54302,44.5126379,-88.0125794,2419.8851381939116,1507.7081064236172,743.9632148217926,399.1768574466945,1057.9073889306508
United States,Saint Petersburg,Florida,33710,27.7712264,-82.6340259,2843.897773653179,501.30811810403463,2546.7124639295685,1683.081889423373,1072.450992219225
United States,Seattle,Washington,98105,47.6038321,-122.330062,1862.39307550564,3862.578218386745,1942.2311492549923,2589.4854865586253,3006.5238340476826
United States,Escondido,California,92025,33.1216751,-117.0814849,496.16388660370484,3357.125590241928,2412.643297016977,2509.4033725821014,2497.7848989258523
United States,San Diego,California,92024,32.7157062,-117.1638284,504.61729613437114,3371.305899569829,2452.235618001536,2538.453846705738,2515.5540489783484
United States,Romeoville,Illinois,60441,41.6475306,-88.0895061,2300.905654464467,1232.093858390189,960.3157309716065,207.25399530519246,744.3412283380825
United States,Chesapeake,Virginia,23320,36.7168315,-76.2494453,3252.3882865968967,680.5126535987632,2059.4188105498583,1340.7993029075399,1247.296389943616
United States,Linden,New Jersey,7036,40.6220478,-74.2445902,3424.184381199716,1129.8994739961008,1923.588763432347,1369.964612618614,1507.1871238230362
United States,North Las Vegas,Nevada,89031,36.2005191,-115.1214745,480.0435399010089,3149.323035220754,2037.9259200539957,2197.4544866084548,2269.0716745246664
United States,Columbia,Missouri,65203,38.951883,-92.3337366,1871.078730157925,1271.2996452094758,1065.1235166329682,315.3985793809281,475.10016007213915
United States,Concord,California,94521,37.9768525,-122.0335624,1088.0470055974047,3754.9485720340117,2368.14737541351,2704.098933110641,2867.532607087646
United States,Seattle,Washington,98103,47.6038321,-122.330062,1862.39307550564,3862.578218386745,1942.2311492549923,2589.4854865586253,3006.5238340476826
United States,Dallas,Texas,75220,32.7762719,-96.7968559,1397.7234306959692,1475.0631640283787,1706.8292654421175,1110.4292552867905,681.118254640075
United States,Chicago,Illinois,60653,41.8755616,-87.6244212,2345.287640716494,1233.7242285875468,965.6396102842616,248.92713156003214,778.6270174011954
United States,Lubbock,Texas,79424,33.5855677,-101.8470215,925.6871782353666,1943.557414018443,1683.6557368765136,1322.3313790928225,1102.7619244210402
United States,Arlington,Texas,76017,32.7355816,-97.1071186,1369.1670591287934,1504.1775472996962,1712.3339452664811,1128.2457958396715,709.4490266157557
United States,Richmond,Indiana,47374,39.8286897,-84.8898521,2516.702194920054,927.2140917790491,1288.2325886673514,511.4483627377511,689.3059840757758
United States,Woodstock,Illinois,60098,42.3147529,-88.4474302,2296.287139413925,1310.615200918403,884.2912087775887,200.17288035762311,811.1008546806127
United States,Moreno Valley,California,92553,33.9375177,-117.2305791,520.3725696156949,3359.2257713324266,2353.0708381389254,2478.3937119648085,2492.8675268212373
United States,El Paso,Texas,79907,31.7601001,-106.4870476,511.61053853566125,2391.8869611900473,2015.8611543085403,1778.3579146109896,1575.2537617092087
United States,Medford,Oregon,97504,42.3264181,-122.8718605,1432.6771341259835,3829.6348584908837,2174.770881455766,2660.0299100682596,2944.2745873751605
United States,Columbus,Ohio,43229,39.9622601,-83.0007065,2678.25691075435,893.5317198186882,1386.7554086409389,658.4352304516789,816.7746483767278
United States,Elmhurst,Illinois,60126,41.8994745,-87.9403418,2321.159061464494,1249.3505561651336,946.5679996600462,223.77385250031105,774.4770799757582
United States,Seattle,Washington,98115,47.6038321,-122.330062,1862.39307550564,3862.578218386745,1942.2311492549923,2589.4854865586253,3006.5238340476826
United States,Houston,Texas,77036,29.7589382,-95.3676974,1594.3070244623425,1385.22305169519,2042.7423143785559,1369.5640708816766,781.6959282884843
United States,New York City,New York,10035,40.7127281,-74.0060152,3444.7116796335486,1149.7480903578003,1935.0417325446479,1388.2632992536146,1529.490107829137
United States,New York City,New York,10009,40.7127281,-74.0060152,3444.7116796335486,1149.7480903578003,1935.0417325446479,1388.2632992536146,1529.490107829137
United States,Philadelphia,Pennsylvania,19120,39.9527237,-75.1635262,3343.480670048191,1024.6032249256082,1901.0039825617444,1307.2112874004342,1409.7831562621138
United States,Wilmington,North Carolina,28403,34.2352853,-77.9487284,3122.9655600881256,378.1970981011458,2160.0050505970685,1365.2734003369446,1103.0677515078567
United States,Margate,Florida,33063,26.2445263,-80.206436,3127.921774981187,654.0709039857762,2801.3343566047283,1938.8468344200135,1356.9350841500534
United States,Columbia,South Carolina,29203,34.000754,-81.0352313,2843.6308703421755,214.06061692841786,2011.5356042974734,1176.7119921360177,827.3634095034248
United States,Yonkers,New York,10701,40.9312099,-73.8987469,3454.805769767672,1174.7718449760544,1929.7045702431303,1393.6776891321147,1546.005872467746
United States,Des Moines,Washington,98198,47.398829,-122.3099093,1842.343547743246,3856.646845589137,1945.3871428512844,2586.6613671938676,2998.996815091571
United States,Denver,Colorado,80219,39.7392364,-104.984862,974.4296514320963,2305.8483664947435,1166.826554238564,1230.7348255477425,1419.6215719097545
United States,Royal Oak,Michigan,48073,42.4894801,-83.1446485,2719.1867887093,1172.003807972595,1194.0237735669966,624.1736719908167,1010.0938792476005
United States,Richmond,Kentucky,40475,37.7478572,-84.2946539,2541.0499912441137,695.0034454281041,1501.8641201508542,676.302466249733,585.8693500525143
United States,Roseville,California,95661,38.7521235,-121.2880059,1077.3398936507317,3687.34063779579,2264.817721545251,2616.406640301097,2798.786204526679
Canada,Calgary,Alberta,T2C,51.0456064,-114.057541,2028.3088248113872,3413.0404939133136,1325.5764075726165,2084.7495186304845,2616.7467751846525
United States,Huntington Beach,California,92646,33.6783336,-118.000016,585.9512587237326,3433.315511783028,2421.9369520068335,2554.7405500512855,2568.18836591958
United States,Logan,Utah,84321,41.7313063,-111.834914,984.02754351704,2917.750741295149,1418.5758345462273,1764.660051649975,2034.6211204492336
United States,Jacksonville,Florida,32216,30.3262247,-81.6579179,2856.0146256492603,201.98395204492553,2332.002150980386,1472.1511638651914,942.0929707467391
United States,Tampa,Florida,33614,27.9449854,-82.4583107,2854.1312024875033,477.91509262049556,2536.0477036885263,1672.3284062230837,1068.4000974519704
United States,Raleigh,North Carolina,27604,35.7803977,-78.6390989,3044.576595917238,469.7602751249934,1987.8805494556473,1211.0423553786634,1028.5534786370633
United States,Lakeville,Minnesota,55044,44.650051,-93.2432791,2063.0841544850027,1750.215816552579,446.6625873922949,417.3772250068273,1095.8670971772822
United States,Jackson,Mississippi,39212,32.2998686,-90.1830408,2019.7259333101358,855.9567125307109,1829.8341252236366,1017.6059929990917,313.9187424122722
United States,Dallas,Texas,75217,32.7762719,-96.7968559,1397.7234306959692,1475.0631640283787,1706.8292654421175,1110.4292552867905,681.118254640075
United States,San Francisco,California,94110,37.7879363,-122.4075201,1107.579150381621,3788.7546569502565,2407.0099632943643,2741.866434468095,2901.6829389216177
United States,Burbank,California,91505,34.1812089,-118.307201,622.9699587963144,3454.57207561901,2399.90101771182,2554.3905342588464,2585.3735332346064
United States,Lakeland,Florida,33801,28.0394654,-81.9498042,2898.262198607584,456.44765986386903,2547.2157845055153,1683.6923797184995,1093.1543096181874
United States,Knoxville,Tennessee,37918,35.9603948,-83.9210261,2568.2879661670945,504.6131670963363,1684.6212968146785,838.8467264128997,555.2895117663375
United States,Hamilton,Ohio,45011,39.2085354,-84.5501874,2535.3131442693993,852.3543717780423,1359.7769481169241,567.212839206929,661.3305741468321
United States,Asheville,North Carolina,28806,35.595363,-82.5508407,2692.7761358388575,413.95672497689714,1787.0528171204855,952.8378830918451,674.8545111394676
United States,Tucson,Arizona,85705,32.2228765,-110.974847,104.38636317684562,2804.4921324595616,2160.718240218225,2078.2882244900616,1966.3734538300243
United States,Portage,Indiana,46368,41.5758708,-87.1761455,2371.3435758135865,1186.38419292661,1015.2137797790014,282.56531017570046,758.2518413241445
United States,Greensboro,North Carolina,27405,36.0726355,-79.7919754,2939.1770168859834,460.13274082181175,1895.7794721196922,1107.6016126579318,926.0517514343355
United States,Delray Beach,Florida,33445,26.4614625,-80.0728201,3131.704915948571,632.0392697026776,2785.393843236838,1923.4097132329437,1347.7038934628245
United States,Los Angeles,California,90036,34.0536909,-118.242766,614.438285811656,3450.3594814978314,2406.230384330631,2555.479269984209,2582.1409708122683
United States,Fresno,California,93727,36.7394421,-119.78483,847.8711153973658,3563.36197069409,2299.223186688416,2562.5312515041296,2679.6721825210534
United States,San Francisco,California,94122,37.7879363,-122.4075201,1107.579150381621,3788.7546569502565,2407.0099632943643,2741.866434468095,2901.6829389216177
United States,Pomona,California,91767,34.0553813,-117.7517496,570.0695207881201,3405.4192194930138,2375.4732991461933,2515.084550468618,2537.650086680559
United States,Springfield,Ohio,45503,39.9234046,-83.810138,2609.3512024316656,906.1377767975116,1341.9277508003627,594.0630240558755,761.7229362697201
United States,Des Moines,Iowa,50315,41.5868654,-93.6249494,1869.5693132812332,1534.2248277167478,753.6691238334176,255.1923198838424,786.5571466181779
United States,Albuquerque,New Mexico,87105,35.0841034,-106.650985,531.4657958102597,2384.9150004045696,1687.2325699771845,1569.0320028478081,1515.6452307580096
United States,Plano,Texas,75023,33.0136764,-96.6925096,1405.5832323319926,1465.0004820488655,1680.1958895535613,1082.5544402880157,661.6719401849341
United States,Brownsville,Texas,78521,25.9024289,-97.4981698,1583.2178647677742,1734.893464156118,2473.0572248998246,1841.9744588620085,1251.9685407248678
United States,Long Beach,New York,11561,40.5885508,-73.6582631,3473.504716837885,1156.0946286064816,1967.192832212772,1419.4148871820046,1552.9875158281504
United States,Apple Valley,Minnesota,55124,44.7319094,-93.21772,2069.746740193959,1755.7604778888644,439.74961847864927,424.0387772307484,1104.0824937349341
United States,Chicago,Illinois,60610,41.8755616,-87.6244212,2345.287640716494,1233.7242285875468,965.6396102842616,248.92713156003214,778.6270174011954
United States,Vallejo,California,94591,38.1040864,-122.2566367,1111.954920338686,3773.8428058151553,2375.4229540292827,2718.2944674378878,2886.176046661878
United States,Revere,Massachusetts,2151,42.4084302,-71.0119948,3702.402295358128,1452.2055290721273,2058.829943676249,1617.5757928232163,1827.2858500988111
United States,Virginia Beach,Virginia,23464,36.8496579,-75.9760751,3275.908634404449,707.8514845684746,2066.695385219075,1355.7671161403432,1272.6856872401243
United States,Los Angeles,California,90008,34.0536909,-118.242766,614.438285811656,3450.3594814978314,2406.230384330631,2555.479269984209,2582.1409708122683
United States,Detroit,Michigan,48205,42.3315509,-83.0466403,2722.9400603563595,1153.3634969498162,1210.9101073003915,629.9128006591839,1001.3685732702656
United States,Lafayette,Louisiana,70506,30.2262187,-92.0178202,1891.6938734437651,1059.6988495985845,2020.92740391628,1254.4138939661232,576.5948283950577
United States,Dearborn Heights,Michigan,48127,42.3369816,-83.2732627,2704.952081154887,1157.1224925512997,1195.6247010243706,611.4807438858346,990.2320543711435
United States,Decatur,Illinois,62521,39.8454163,-88.9524151,2177.1875453196803,1115.811903445098,1085.5829531572015,224.06689354730733,533.3375645775968
United States,Los Angeles,California,90004,34.0536909,-118.242766,614.438285811656,3450.3594814978314,2406.230384330631,2555.479269984209,2582.1409708122683
United States,Lancaster,Pennsylvania,17602,40.0379958,-76.3056707,3246.6659146895927,983.7758458487411,1816.5699761135866,1210.1040758513054,1320.8220334556427
United States,Mobile,Alabama,36608,30.6913462,-88.0437509,2250.784246879064,677.8313466115087,2057.278606268942,1217.0267053054197,523.9899250701283
United States,Marietta,Georgia,30062,33.952845,-84.5496054,2521.619753402808,384.27621988411454,1848.172906364162,986.5144298752501,513.139720103061
United States,Decatur,Alabama,35601,34.6060203,-86.9838165,2293.8331175637527,615.5171570281263,1684.4245338929384,822.5591220048683,278.4164932833441
United States,Toledo,Ohio,43615,41.6529143,-83.5378173,2666.733932055563,1086.8133486976728,1225.9498992136166,585.1048091390999,917.2820097909005
United States,Glendale,Arizona,85301,33.5386858,-112.185994,82.73810569044286,2900.0526139698777,2098.8043065415436,2092.733932210835,2043.228483111898
United States,Chandler,Arizona,85224,33.3062031,-111.841185,47.67067457854611,2870.7379370727494,2102.1732270931334,2078.9787691327306,2017.0303923043973
United States,Lewiston,Idaho,83501,46.4195913,-117.0216144,1570.1445270100617,3440.840545597726,1578.8351716403993,2178.2244313852148,2583.1785097982515
United States,Great Falls,Montana,59405,47.5048851,-111.29189,1626.4968120109713,3068.2728749789067,1128.6325758049293,1770.271986693626,2238.584322607463
United States,Austin,Texas,78745,30.2711286,-97.7436995,1358.7632794148642,1595.5980715840346,1989.0600081662178,1399.6403070120923,904.7027844073394
United States,Redondo Beach,California,90278,33.8398289,-118.3845942,623.5427759213097,3466.2772820777004,2432.57594993094,2577.9607231862037,2599.5052443177988
United States,Lodi,California,95240,38.1342805,-121.2736022,1039.0001058157452,3687.7816679985312,2304.3790066771808,2635.404715963628,2800.124803839041
United States,Bloomington,Indiana,47401,39.1670396,-86.5342881,2365.5048858073424,929.0536684484941,1260.23196478788,425.45815574510937,543.5484016327557
United States,Baltimore,Maryland,21215,39.2908816,-76.610759,3217.2409849581327,898.0840505251921,1846.2253680068316,1204.8544224987347,1269.4258258949121
United States,San Jose,California,95123,37.3361663,-121.890591,1044.6885564526988,3746.099615316744,2401.4441626700705,2715.176829060346,2860.1604883089317
United States,Arlington,Virginia,22204,38.8769326,-77.0893094,3174.734188644296,838.1999049186038,1843.3993449097607,1178.9229444562086,1216.640001235283
United States,Los Angeles,California,90045,34.0536909,-118.242766,614.438285811656,3450.3594814978314,2406.230384330631,2555.479269984209,2582.1409708122683
United States,Houston,Texas,77070,29.7589382,-95.3676974,1594.3070244623425,1385.22305169519,2042.7423143785559,1369.5640708816766,781.6959282884843
United States,Troy,New York,12180,42.7284117,-73.6917878,3486.1593149724317,1351.3852207462667,1846.715809176231,1397.3446204596491,1638.7833989342057
United States,San Gabriel,California,91776,34.0990995,-118.1085554,603.2446981100281,3437.486168228934,2394.125679045726,2542.170944804317,2569.060472273173
United States,Jamestown,New York,14701,42.0965167,-79.2380322,3025.690425217235,1126.151732012096,1484.4096125200538,941.4696477932755,1211.563572074137
United States,Memphis,Tennessee,38109,35.146026,-90.0517786,2013.288861000009,897.0481267566469,1528.5854019832475,701.9909419504011,7.992531693869318
United States,Lake Charles,Louisiana,70601,30.2305095,-93.2169807,1779.8871667992983,1171.578899184678,2005.0693813780997,1269.6532338466263,622.4639614264757
United States,Rochester,New York,14609,43.157285,-77.615214,3175.7807953004535,1269.2454035267908,1540.5062043015953,1080.7510576261664,1388.3426222360686
United States,Louisville,Kentucky,40214,38.2542376,-85.759407,2418.2748983490633,807.3079524108001,1381.963452227892,542.3466111218079,512.4255618809158
United States,Appleton,Wisconsin,54915,44.2613967,-88.4069744,2379.858515862125,1496.850549208134,735.7049527423601,359.0509231401126,1025.4685570063284
United States,Middletown,Connecticut,6457,41.5623178,-72.6509061,3562.380885791745,1293.4022467345992,1983.53270504512,1489.201196990695,1667.8660712955186
United States,Jackson,Michigan,49201,42.2416466,-84.425589,2610.407161865497,1168.1243860126017,1127.6386791668883,516.1166260705372,926.45091960734
United States,San Antonio,Texas,78207,29.4246002,-98.4951405,1319.1363283941212,1687.381433630104,2088.142077444643,1515.9063380020132,1020.5342940915477
United States,Freeport,Illinois,61032,42.2966861,-89.6212271,2205.0431012743106,1363.2343187737242,825.9543655292038,122.6912013575572,798.8639494188818
United States,Lawrence,Massachusetts,1841,42.7070354,-71.1631137,3691.9112767353668,1469.4951738060367,2033.0503575619055,1603.931582572962,1827.4066441811642
Canada,Toronto,Ontario,M3C,43.6534817,-79.3839347,3045.817686798726,1295.9203837263228,1388.1807330869071,947.4222286689859,1312.707709746289
United States,Kent,Washington,98031,47.3826903,-122.2270272,1837.477270784423,3850.178461747321,1939.6610275057712,2580.334549928783,2992.505212823679
United States,Fort Worth,Texas,76106,32.753177,-97.3327459,1347.9763034514601,1525.2185918334947,1711.3415112591617,1136.9068446680335,728.0146415091715
United States,Watertown,New York,13601,43.9747838,-75.9107565,3326.2342119096893,1397.8649480324414,1625.4060557064577,1228.125163115339,1552.9472258791368
United States,Milwaukee,Wisconsin,53209,43.0386475,-87.9090751,2365.205653185585,1357.996238115556,855.6474828647339,281.3394096302691,898.5116720564794
United States,Franklin,Massachusetts,2038,42.5896205,-72.6110645,3572.870359617027,1386.9797681799978,1932.6114662800119,1485.8567759567784,1712.8472349563751
United States,Hialeah,Florida,33012,25.8267775,-80.2814009,3138.0356213400287,699.3147921907345,2840.1140534005,1977.143381391266,1387.520229276639
United States,West Jordan,Utah,84084,40.6061337,-111.9395211,859.0317293579506,2903.8537844524576,1501.2314219961481,1790.8662410377813,2016.556337682824
United States,Oakland,California,94601,37.8044557,-122.271356,1097.6958308683108,3776.710915837419,2396.3411094885596,2729.9397739670026,2889.618590047089
United States,Eau Claire,Wisconsin,54703,44.811349,-91.4984941,2189.823131700859,1678.2634811745618,513.536019385657,381.748610353931,1085.6801538046554
United States,Akron,Ohio,44312,41.083064,-81.518485,2820.6579589219405,1002.2523480983448,1396.2345637721085,756.8984571685941,992.6156586755383
United States,Cleveland,Ohio,44105,41.4996574,-81.6936772,2813.9348376359435,1049.220483110359,1356.0015250640977,738.8524492714118,1011.6016528773233
United States,Midland,Michigan,48640,43.6155825,-84.2472117,2666.18686411697,1312.4778974323003,1049.3536451882335,570.9503841410427,1064.7134301281178
United States,Dover,New Hampshire,3820,43.1981117,-70.8739761,3718.9833391619954,1526.6004126551343,2031.152650400299,1626.7724454180807,1869.511048542225
United States,San Marcos,Texas,78666,29.8826436,-97.9405828,1353.1744559411675,1623.2568639100962,2033.3541532185527,1446.7887567812625,946.7247894731132
Canada,Vancouver,British Columbia,V6Z,49.2608724,-123.113952,2049.3971229839344,3957.95820631732,1970.5405823636486,2663.428684914911,3114.921396183705
Canada,Montreal,Quebec,H1A,45.5031824,-73.5698065,3537.051458915397,1627.1945167157673,1738.6494384336152,1440.4175939383563,1801.4909648670684
United States,Bellevue,Washington,98006,47.6144219,-122.192337,1857.9047060451376,3852.693103062689,1931.8771998670065,2579.2551441094256,2996.9033752047644
United States,Chicago,Illinois,60623,41.8755616,-87.6244212,2345.287640716494,1233.7242285875468,965.6396102842616,248.92713156003214,778.6270174011954
United States,Murray,Utah,84107,40.6667841,-111.888417,865.7065208889965,2900.6846331728075,1493.6366465213414,1785.4586165604253,2013.5672169470445
United States,San Diego,California,92105,32.7157062,-117.1638284,504.61729613437114,3371.305899569829,2452.235618001536,2538.453846705738,2515.5540489783484
United States,Buffalo Grove,Illinois,60089,42.1544205,-87.9589621,2328.5190387472817,1274.4512064581609,924.1039888018801,229.9487242978001,801.6796829012666
United States,Richmond,Virginia,23223,37.5385087,-77.43428,3144.152688785596,692.817489678363,1920.3898163072658,1206.119238408114,1153.91934183301
United States,Little Rock,Arkansas,72209,34.7465071,-92.2896267,1808.5637924806579,1080.5627209204729,1521.4167012658584,760.0617887068412,215.3416092954163
United States,Lakewood,New Jersey,8701,40.0940995,-74.2149889,3424.6827346659566,1083.782085865691,1958.2385862991002,1382.9981598450152,1491.5801889207044
United States,Orem,Utah,84057,40.2981599,-111.6944313,824.6773398461021,2878.0209750992276,1507.1585063695745,1776.7259557539635,1990.0733923474577
United States,Aurora,Illinois,60505,41.7571701,-88.3147539,2286.7786365518177,1252.4698366653372,939.1208365452095,190.30540131181868,752.2152200166444
United States,Peoria,Illinois,61604,40.6938609,-89.5891008,2149.7936303533024,1222.311540207626,976.8709392197542,117.04721776347914,620.9661492922213
United States,Bristol,Tennessee,37620,36.5945034,-82.1885212,2723.2544397407537,512.4569745832687,1716.258270845501,901.9297492667569,720.1296059398261
United States,Los Angeles,California,90032,34.0536909,-118.242766,614.438285811656,3450.3594814978314,2406.230384330631,2555.479269984209,2582.1409708122683
United States,Harrisonburg,Virginia,22801,38.4493315,-78.8688833,3019.044385468323,736.6839661722229,1759.4824695776379,1050.2837285566113,1054.9877836093465
United States,Mishawaka,Indiana,46544,41.6611642,-86.1807031,2453.598499727869,1157.5001152274594,1064.3779420790918,365.6032511414872,798.8810141475969
United States,Hempstead,New York,11550,40.6736812,-73.6190736,3477.14090448287,1165.6275022010946,1964.88269298015,1421.1648104758965,1559.0531834086291
United States,Newark,Delaware,19711,39.6828358,-75.7515682,3292.299710411932,972.4583747439359,1878.075081776201,1265.0121581529804,1352.825303340111
Canada,Halifax,Nova Scotia,B3H,44.648618,-63.5859487,4308.705633611458,2061.3250999743477,2510.4882533233736,2210.648141901234,2473.5194798803254
United States,Lawton,Oklahoma,73505,34.6051975,-98.3952279,1250.2722850757461,1629.9893057171773,1513.8251011720051,1023.3049818200499,770.4895640613207
United States,Waynesboro,Virginia,22980,38.0686668,-78.8893999,3016.2916792031338,695.6697742183375,1787.4480034906167,1065.3419963474284,1041.5499926033715
United States,Meriden,Connecticut,6450,41.5381882,-72.8026128,3549.638773575778,1283.5389164134826,1973.8821308898441,1476.8917951598444,1655.081458555941
United States,Pueblo,Colorado,81001,38.263995,-104.6141867,880.8085518926165,2239.097582000726,1289.8269692168508,1248.6802999541749,1350.0496115799638
United States,Chester,Pennsylvania,19013,39.9829308,-75.7652424,3292.36425922155,1000.5568646975389,1857.388488583348,1256.3888346286503,1362.1577236344222
United States,Phoenix,Arizona,85023,33.4484367,-112.074141,69.14046790744925,2890.6938795295728,2101.1941695081077,2089.0774234109454,2035.0248495566973
United States,Minneapolis,Minnesota,55407,44.9772995,-93.2654692,2081.6768121135383,1778.9151901830728,414.37564718354093,449.4151312492732,1131.3816130988737
United States,Louisville,Colorado,80027,39.977763,-105.1319296,986.7713347215748,2324.6146351655916,1152.1661253090647,1237.0447429226833,1439.3325254469291
United States,Concord,North Carolina,28027,35.4094178,-80.5800049,2871.9683958492556,373.60635423297805,1908.8306693417853,1097.4713261336544,852.9274764529941
United States,Salem,Oregon,97301,44.9391565,-123.033121,1654.0656527363005,3868.6716402928355,2073.425717483402,2642.515484153148,2994.0544991937363
United States,Southaven,Mississippi,38671,34.9873822,-90.0034862,2017.4678999752557,887.0546341053521,1546.7324933527084,719.8737585384131,14.765595419824523
United States,Cincinnati,Ohio,45231,39.1012809,-84.5127405,2536.9616691210385,840.1031211982393,1371.048004610092,575.7252325647872,655.8884645191969
United States,New York City,New York,10011,40.7127281,-74.0060152,3444.7116796335486,1149.7480903578003,1935.0417325446479,1388.2632992536146,1529.490107829137
United States,Deltona,Florida,32725,28.904843,-81.2273119,2937.147166255422,352.8872236517125,2491.4961543686113,1630.1601042687605,1074.750302054235
United States,Plainfield,New Jersey,7060,40.6201412,-74.4222416,3409.1953503219584,1121.2219812304152,1911.1381608110494,1355.196557403629,1492.9464090406134
United States,Aurora,Colorado,80013,39.7401441,-104.8733376,980.7450528328261,2296.631839709881,1161.4145744782368,1221.4402326451245,1410.5111360091394
United States,Palm Coast,Florida,32137,29.5541432,-81.2207673,2918.125500340494,280.722025429151,2427.5921241200244,1567.5368197103232,1028.1067122217185
United States,El Cajon,California,92020,32.7947731,-116.962526,485.3502911433675,3351.374776127837,2433.4778791976614,2517.7579366315217,2495.193626820353
United States,Buffalo,New York,14215,42.8864163,-78.8781493,3069.4676244285884,1217.6333575831688,1464.4889803447613,975.6304095585211,1288.3291134787794
United States,Hackensack,New Jersey,7601,40.8870781,-74.0410667,3442.628152373621,1163.8772459560614,1922.1700261864974,1382.5092247888863,1533.0931342847123
United States,Niagara Falls,New York,14304,43.084841,-79.0701786,3058.123550549686,1236.8496377278097,1440.1137334030857,962.4977678611959,1290.106278794277
United States,League City,Texas,77573,29.5074538,-95.0949303,1627.7491276157373,1366.9736621591999,2071.6082106938884,1388.89228783954,787.7453913681379
United States,Sioux Falls,South Dakota,57103,43.5476008,-96.7293629,1764.8430628668627,1868.9061716757085,510.0993107540969,556.5574606850001,1102.067594683659
United States,New Rochelle,New York,10801,40.9115386,-73.7826363,3464.4509168195414,1178.6718075065849,1939.1411050115016,1403.6413410708606,1554.4809684835132
United States,Bristol,Connecticut,6010,41.6711752,-72.9430128,3538.766594020155,1288.272935116042,1956.4365960148205,1463.9234472411936,1649.2642486236184
United States,Riverside,California,92503,33.9824949,-117.374238,534.3570571027446,3371.8042610049124,2358.158607022147,2487.848856492238,2504.9533015522006
United States,Omaha,Nebraska,68104,41.2587459,-95.9383758,1681.0565222566847,1668.319556452981,763.0812632336865,448.8844245350965,858.7598506978471
United States,Atlanta,Georgia,30318,33.7544657,-84.3898151,2538.318465890955,360.2420752870247,1874.5799755417831,1013.0130186038347,533.7322792145935
United States,Draper,Utah,84020,40.5247777,-111.8627989,849.8918259606409,2896.0181247480696,1501.933268561054,1786.0795941856954,2008.5396509413965
United States,Apopka,Florida,32712,28.6732806,-81.5116471,2917.9699916795525,380.55593727568845,2502.1501173742577,1639.7819454179328,1072.1411710957734
United States,Charlotte,North Carolina,28205,35.2272086,-80.8430827,2849.410036553762,351.1132380995514,1910.5989822929962,1092.9727989224318,829.4738871236569
United States,Springfield,Missouri,65807,37.2081729,-93.2922715,1746.1121240643727,1252.4067845178222,1235.7804368543943,526.3242905003939,378.02368118109075
United States,Bangor,Maine,4401,44.8016255,-68.7713289,3900.370385057064,1771.3354189337417,2119.9692885209083,1801.8929486582463,2093.964942844302
United States,Pleasant Grove,Utah,84062,40.3640349,-111.7386884,831.980326512105,2882.8525536355382,1505.2908266830834,1779.022911624997,1995.0348348559917
United States,Texas City,Texas,77590,29.396013,-94.9175485,1647.880575729764,1353.8479948909464,2084.722179473688,1396.2346500337212,787.8232128972766
United States,Trenton,Michigan,48183,42.1406552,-83.1800544,2707.4447300495226,1134.2794774263477,1214.9499471018594,616.9128432734512,977.9725495640656
United States,Vacaville,California,95687,38.3565773,-121.9877444,1105.2219043190719,3749.28358463089,2339.8958096256993,2687.406497022965,2861.221086424615
Canada,Toronto,Ontario,M5H,43.6534817,-79.3839347,3045.817686798726,1295.9203837263228,1388.1807330869071,947.4222286689859,1312.707709746289
United States,Woodstock,Georgia,30188,34.1014112,-84.5192192,2523.034930846841,390.94720136885974,1834.9401993772715,973.7827941874004,511.5044246352946
United States,Hollywood,Florida,33021,26.0112014,-80.1494901,3142.681666088985,680.5314940709928,2827.198950400068,1964.5878387300363,1380.301845200835
United States,Fairfield,Connecticut,6824,41.1412078,-73.2637258,3509.0826716777706,1225.0921483446043,1962.9487470087656,1443.461342209893,1603.9997627182806
United States,Dallas,Texas,75081,32.7762719,-96.7968559,1397.7234306959692,1475.0631640283787,1706.8292654421175,1110.4292552867905,681.118254640075
United States,Columbus,Georgia,31907,32.4610708,-84.9880449,2500.3278816974084,369.1204807903208,1978.3160495703821,1114.6402351522145,546.9725626795013
Canada,Montreal,Quebec,H1B,45.5031824,-73.5698065,3537.051458915397,1627.1945167157673,1738.6494384336152,1440.4175939383563,1801.4909648670684
United States,Hampton,Virginia,23666,37.0264414,-76.3442846,3242.2729948885562,701.02591405519,2029.4502504906018,1317.711957498608,1241.8539352164746
United States,Lakewood,Ohio,44107,41.4819932,-81.7981908,2805.0199705307305,1047.77650302172,1350.3348138778206,730.2428585263339,1003.819543592168
United States,Saint Charles,Missouri,63301,38.783855,-90.481677,2022.3826926380689,1130.48767331986,1134.6257854114538,296.13976822685964,410.1945825293453
United States,North Miami,Florida,33161,25.8900949,-80.1867138,3144.2043190718473,693.4190805198853,2837.7748357187397,1974.9954923104092,1388.1759515206188
United States,Grand Rapids,Michigan,49505,42.9632425,-85.6678639,2534.769156213551,1275.635611540049,998.129925709382,437.15926659013854,947.9187552027971
United States,Oceanside,New York,11572,40.6335905,-73.6376527,3475.4163212701924,1161.1313074371021,1965.9569762735089,1420.3230868059081,1556.1826913121859
United States,Billings,Montana,59102,45.7874957,-108.49607,1462.0190134316942,2796.8382928816254,968.80191922898,1518.1247714740925,1957.776476712446
United States,Owensboro,Kentucky,42301,37.7742152,-87.1133304,2294.5183222022733,838.1249485185981,1364.5751759841846,504.0617326691423,390.60860333131444
United States,Miami,Florida,33178,25.7741566,-80.1935973,3148.3767021298904,706.1323318958205,2849.1443344960244,1986.2599317867164,1397.632928327576
United States,Santa Fe,New Mexico,87505,35.6876096,-105.938456,619.6560725452368,2322.4066466590907,1597.9419939940772,1479.1304807927756,1446.9988432768473
United States,Fayetteville,Arkansas,72701,36.0625843,-94.1574328,1650.1466665394198,1281.4898626922322,1350.8557049479768,674.662037480914,392.82228332714664
United States,Bowling Green,Ohio,43402,41.3747744,-83.6513229,2651.0691426621943,1058.741426881953,1239.014360074118,576.5083120001821,887.528139202221
United States,Tulsa,Oklahoma,74133,36.1563122,-95.9927516,1488.5601264963746,1443.3211975382767,1330.2953210957564,752.7753733059275,556.2044362296818
United States,Oswego,Illinois,60543,41.6834778,-88.3525714,2281.2793180187828,1247.3374857835909,943.6122659534125,185.98036219151734,743.5594636466923
United States,Santa Clara,California,95051,37.2333253,-121.6846349,1023.3290316103441,3728.6009492135518,2394.2248329241934,2701.8468641030604,2842.972954020373
United States,Pasco,Washington,99301,46.2306739,-119.0921,1609.9024462232749,3590.4517164214685,1737.8852041540729,2335.377350005251,2727.9353663744023
United States,Tyler,Texas,75701,32.3512601,-95.3010624,1541.84815114999,1336.4733686445554,1754.86738431829,1095.017769330947,580.8364745657091
United States,Macon,Georgia,31204,32.8406946,-83.6324022,2620.0343768433145,253.36913002628876,1997.3554763282284,1136.3097245251436,636.7821219067024
United States,Lowell,Massachusetts,1852,42.6414437,-71.3085329,3679.5985406637665,1456.2998456262762,2025.5549284054705,1592.2601158414884,1813.6834638240312
United States,Lancaster,Ohio,43130,39.7136754,-82.5993294,2708.6058687656964,860.047121731931,1430.5160156736824,699.50475497361,827.1740019321111
United States,Detroit,Michigan,48227,42.3315509,-83.0466403,2722.9400603563595,1153.3634969498162,1210.9101073003915,629.9128006591839,1001.3685732702656
United States,Greenville,North Carolina,27834,35.613224,-77.3724593,3159.994588501865,521.8764470683758,2077.712004275804,1316.1069779942613,1142.9552653339736
United States,Gresham,Oregon,97030,45.4978623,-122.4329883,1673.7714451979048,3830.326074532051,2009.0449034913536,2593.0805593089053,2959.3101267746924
United States,Clifton,New Jersey,7011,40.8584328,-74.1637553,3432.1722046535424,1155.3854387706297,1915.1416921730895,1372.7426900769829,1522.3069552368697
Canada,Montreal,Quebec,H1C,45.5031824,-73.5698065,3537.051458915397,1627.1945167157673,1738.6494384336152,1440.4175939383563,1801.4909648670684
United States,Oxnard,California,93030,34.1976308,-119.180381,702.2139834455187,3534.0921911362984,2453.910979089104,2625.4708631822955,2664.0107603229553
United States,Olathe,Kansas,66062,38.8838856,-94.81887,1663.049708105802,1453.1502272974788,1032.7278130124869,460.1322973683341,600.4196894877009
United States,Cary,North Carolina,27511,35.7873617,-78.7811623,3031.7385095640334,464.28721210403114,1978.9100814819972,1200.1065296028128,1015.7519420876646
United States,Fairfield,Ohio,45014,39.7886111,-82.6418883,2706.039074936395,868.8712797147848,1422.0418835644234,693.438956804881,829.1532593307526
United States,Odessa,Texas,79762,31.8457149,-102.367687,890.0831787129196,2004.3622007546214,1883.1524568336908,1496.6695202077951,1204.8929421308849
United States,Tempe,Arizona,85281,33.4255117,-111.940016,62.53189542631029,2878.5556293963523,2096.296992120045,2079.7978791554756,2023.3343867617625
United States,Corpus Christi,Texas,78415,27.7635302,-97.4033191,1489.900372084517,1641.8780333960524,2265.90065050192,1643.715579401309,1078.9745162282352
United States,Chula Vista,California,91911,32.6400541,-117.084195,497.77588866163677,3365.2248940855675,2453.9969180167886,2536.2458152697222,2510.3111427149884
United States,Long Beach,California,90805,33.7690164,-118.191604,604.8067788514518,3449.593310438336,2426.3470873740566,2565.7568221805195,2583.5578055260066
United States,Columbia,Maryland,21044,39.1938429,-76.8646092,3195.064455111255,878.4062255863397,1835.9328069300207,1186.8849361287455,1245.347479030675
United States,Bloomington,Illinois,61701,40.4797828,-88.9939147,2191.4894701040425,1171.6361094969814,1023.0610201307694,170.18406564217366,602.3960088334406
Canada,Toronto,Ontario,M2N,43.6534817,-79.3839347,3045.817686798726,1295.9203837263228,1388.1807330869071,947.4222286689859,1312.707709746289
United States,Garland,Texas,75043,32.912624,-96.6388833,1411.3115326122222,1460.069383881823,1691.321772021003,1090.1273154278313,661.4734105313721
United States,Boca Raton,Florida,33433,26.3586885,-80.0830984,3134.8242010988615,643.1855915303366,2795.2280935380013,1933.1014808170362,1355.5306747475945
United States,Houston,Texas,77041,29.7589382,-95.3676974,1594.3070244623425,1385.22305169519,2042.7423143785559,1369.5640708816766,781.6959282884843
United States,Mesquite,Texas,75150,32.7666103,-96.599472,1416.2049100810939,1456.6349982528523,1707.483411916864,1102.830346276773,664.7946079102945
United States,Fayetteville,North Carolina,28314,35.0525759,-78.878292,3029.0201305392998,389.15811613912564,2035.8568906314608,1241.9883933450049,1008.8476617765097
United States,Clarksville,Tennessee,37042,36.5277607,-87.3588703,2261.4905214525147,759.1233329654714,1476.6812260655101,613.0136716026063,282.9311341546816
United States,Boynton Beach,Florida,33437,26.5289139,-80.058141,3130.4145926736737,624.8524124965278,2779.2916908409843,1917.4226418603155,1343.1254885235123
United States,Reno,Nevada,89502,39.5261788,-119.812658,1031.999240296355,3560.2833614334363,2111.227892458254,2470.845845146443,2671.226530996578
United States,Evanston,Illinois,60201,42.0470043,-87.6846053,2346.306912535572,1252.7236343535394,948.051974154382,248.1469699625954,795.6561274401776
United States,Durham,North Carolina,27707,35.996653,-78.9018053,3019.536839874952,480.205133260818,1954.2060547615908,1177.8956039253933,1005.552139855862
Canada,Calgary,Alberta,T1Y,51.0456064,-114.057541,2028.3088248113872,3413.0404939133136,1325.5764075726165,2084.7495186304845,2616.7467751846525
Canada,Edmonton,Alberta,T5A,53.5462055,-113.491241,2301.8372263157585,3507.765880518705,1352.4692143628736,2169.027797968842,2749.089475644577
United States,Indianapolis,Indiana,46203,39.7683331,-86.1583502,2408.801387311103,969.102726895268,1225.1753693562107,416.1344676079073,616.8953222606245
United States,Jacksonville,North Carolina,28540,34.7509962,-77.4309829,3163.6245753880476,451.2638572148059,2146.184067333267,1367.0176652439466,1143.1126333035716
United States,Manteca,California,95336,37.7986184,-121.2117148,1015.3609991999673,3683.741662202967,2322.6450441744223,2641.8639720508486,2796.762217846997
United States,Pasadena,California,91104,34.1476507,-118.144155,607.5248142235776,3440.1083794425303,2392.395965616926,2542.661969566938,2571.2971010322635
United States,Edmonds,Washington,98026,47.8105738,-122.3774952,1883.742489434054,3870.6424534894027,1941.2842219887173,2594.5307984285128,3016.1941457496714
United States,Mount Vernon,New York,10550,40.9125085,-73.8386504,3459.7536277036065,1176.009641948233,1935.089456176291,1398.9646698641698,1550.0746087521877
United States,Everett,Massachusetts,2149,42.4085897,-71.0542002,3698.9426995024437,1449.9485626704084,2055.724152341437,1614.1139684855295,1824.0374707813075
United States,Concord,New Hampshire,3301,43.207178,-71.537476,3665.430654606659,1494.0894315958744,1981.7966296189425,1573.001036213591,1820.3447155529673
United States,Parma,Ohio,44134,41.3822398,-81.7355692,2808.2302849346647,1036.383848383447,1361.2882495468461,736.0438170017038,1000.3135905397642
United States,Beaumont,Texas,77705,30.0829344,-94.0984277,1702.0762081875341,1257.825780123612,2013.3720055353845,1302.8087207623637,680.1818854473981
United States,Montgomery,Alabama,36116,32.3777111,-86.3090775,2378.9750844337973,492.1770326392659,1936.7648368834973,1076.6682695066236,455.3980554840159
United States,Texarkana,Arkansas,71854,33.4254259,-94.0430937,1649.1840819299114,1219.9451795769774,1643.580674935444,943.0266476534541,418.761978223286
United States,Lakewood,California,90712,33.8503463,-118.117191,599.2745081950757,3441.6312123620796,2415.031927663788,2555.4871168791724,2575.0516524594964
Canada,Vancouver,British Columbia,V6G,49.2608724,-123.113952,2049.3971229839344,3957.95820631732,1970.5405823636486,2663.428684914911,3114.921396183705
United States,Newport News,Virginia,23602,36.9775016,-76.42977,3234.9294573961392,691.9968314582464,2027.7326491709496,1313.3353457958428,1233.7612428512182
United States,Rancho Cucamonga,California,91730,34.1033192,-117.575173,555.2783007305343,3388.6510522399303,2360.5844068354786,2498.1768142545893,2520.6876036106764
United States,Rock Hill,South Carolina,29730,34.9248667,-81.0250784,2835.2201625588314,316.81428834983933,1927.9006684870305,1103.799065547498,814.6506940816873
United States,Fort Lauderdale,Florida,33311,26.1223084,-80.1433786,3138.7213941047407,668.3652733058016,2816.3091768302857,1953.8148589152895,1371.3255096551766
United States,Garden City,Kansas,67846,37.9716898,-100.8726618,1136.7871081450794,1912.4564607532423,1190.4180852409702,961.8102487011892,1023.5306553181513
United States,Columbus,Indiana,47201,39.2014405,-85.9213796,2418.2717238086184,904.3329490606544,1287.8048662475533,466.0629958402675,578.6568634322374
United States,Cranston,Rhode Island,2920,41.779588,-71.4366813,3664.208493964217,1376.528243601197,2060.0618187485948,1587.4160238662205,1771.050460551732
United States,Lorain,Ohio,44052,41.2633554,-82.1734746,2769.9254006374645,1026.1155586456086,1341.0674295557492,700.4726126071484,964.3010680842848
United States,Avondale,Arizona,85323,33.4353704,-112.3494394,81.9557100136314,2916.256545217466,2116.8792572355187,2111.6499018370073,2060.3479657513262
United States,Mason,Ohio,45040,39.3600586,-84.309939,2558.06071380524,860.393712546695,1360.1276372424907,578.0758955881151,687.978279929946
United States,Orange,New Jersey,7050,40.7709499,-74.2264601,3426.44273103779,1144.3799122753226,1915.9068635738747,1368.9284594845615,1514.0743092693294
United States,Portland,Oregon,97206,45.5202471,-122.674194,1687.0872587183408,3849.2848933749356,2026.1828446879354,2611.80532145182,2978.228009111686
United States,Medina,Ohio,44256,41.1000764,-81.9382517,2786.245105337517,1006.2612089487178,1367.8043714221906,721.714686541501,966.9009512294986
United States,Irving,Texas,75061,32.8295183,-96.9442177,1383.5355424746738,1488.7146439456499,1701.3298767259846,1111.7516059057639,691.3063251326189
United States,Nashville,Tennessee,37211,36.1622767,-86.7742984,2312.0768879866514,692.8620949240346,1536.5772287795419,672.9866588155112,311.35085791565456
United States,Wausau,Wisconsin,54401,44.9597858,-89.6272791,2326.8145262435046,1611.5332313934864,611.7798656223447,398.00198903950314,1094.800604222348
United States,Redding,California,96003,40.5863563,-122.391675,1275.0149472564212,3782.138092664944,2232.298465494354,2656.803735561919,2893.5015406958714
United States,Reading,Pennsylvania,19601,40.335345,-75.9279495,3280.4339989821274,1027.9961155307303,1823.3877482264975,1235.104718100352,1362.4344390358851
United States,Madison,Wisconsin,53711,43.07469,-89.3841663,2255.2650839993785,1423.1143442154614,770.3073972811311,205.50727007071453,886.2408216668576
United States,Carrollton,Texas,75007,32.9515472,-96.9034244,1386.3870753509345,1484.7154408742342,1687.642848333999,1098.023589604874,682.4897356941635
United States,Pasadena,Texas,77506,29.6910753,-95.2092076,1611.1418511395457,1372.3009696557556,2050.78830225571,1372.3643690558351,778.1107289883192
United States,Johnson City,Tennessee,37604,36.3167671,-82.352903,2708.7286426129613,485.64748860592243,1732.130208502747,910.681069958204,700.3801316561002
United States,Manhattan,Kansas,66502,39.1836082,-96.5716694,1532.835214844154,1603.85706570494,994.0786940694045,567.8241432619789,738.9939731357805
United States,Moorhead,Minnesota,56560,46.8739081,-96.7538674,2008.2060737919992,2116.6441143259326,144.99338877875817,779.1751336812284,1424.4523293650047
United States,Cedar Hill,Texas,75104,32.5888072,-96.9553675,1384.7445287329065,1490.4951733716136,1728.1156795358795,1135.8003273644586,703.3542054416325
United States,Des Plaines,Illinois,60016,42.0415823,-87.8873916,2330.1921132276852,1260.6473138579868,937.4342299466108,231.82700872070944,790.8673297681976
United States,Franklin,Wisconsin,53132,42.888627,-88.0384183,2349.5139432967862,1348.4511563481906,859.9213680818406,262.842454622444,880.027646696361
United States,Provo,Utah,84604,40.2337289,-111.6587085,817.5449604884819,2873.937231283277,1509.5064173700025,1775.1350049031132,1985.8672338951321
United States,Wilmington,Delaware,19805,39.7459468,-75.546589,3310.048052535556,987.625254567277,1887.994546997839,1280.4202202543522,1371.657707697506
United States,Salt Lake City,Utah,84106,40.7596198,-111.886797,876.0267697277541,2902.245055144312,1487.0658221839826,1783.5965682607834,2015.3900981420477
United States,Coon Rapids,Minnesota,55433,45.1728923,-93.3023898,2091.4829984081366,1797.3863970624648,394.4186845055308,469.76333192328315,1153.121047233375
United States,Monroe,Louisiana,71203,32.5025471,-92.116219,1836.8409181267787,1037.237215836013,1769.6965479806493,1003.9472275536821,351.86346942273383
United States,Bolingbrook,Illinois,60440,41.7003302,-88.0717708,2304.068025729685,1236.2616430567612,956.6696094164221,209.34766449717745,750.3937188103711
United States,Sacramento,California,95823,38.5810606,-121.493895,1081.6845949473122,3705.5902626699085,2290.429423475122,2638.9757865539586,2817.2341893020125
United States,Saint Louis,Missouri,63116,38.6254063,-90.190009,2043.481401076456,1099.7146669569997,1160.5310431528112,315.2963661383757,390.54670975680824
Canada,St. John's,Newfoundland and Labrador,A0A,47.5646794,-52.7066964,5138.315780168328,2946.299894187111,3201.387253007017,3046.2652993916076,3363.87255972192
United States,Woonsocket,Rhode Island,2895,42.0028761,-71.5147839,3658.825842227799,1391.0088045514085,2042.6487255601655,1578.977505541799,1773.0554590332029
United States,Brentwood,California,94513,37.9317766,-121.696026,1059.6723346237738,3725.6002267695603,2347.4816787048817,2677.549774282653,2838.299909307225
United States,Utica,New York,13501,43.1009031,-75.2326641,3366.09966952584,1329.1561634822672,1715.9252561837288,1273.051392535996,1547.1768058193459
United States,Tigard,Oregon,97224,45.4307473,-122.771933,1683.855472265454,3855.4462189788146,2036.4921391922671,2619.7151188433195,2983.7838437373516
United States,Freeport,New York,11520,40.6576071,-73.5835826,3480.068995144148,1166.0230338699184,1968.3677618150448,1424.402401723855,1561.3460596319724
United States,Skokie,Illinois,60076,42.0262972,-87.7521069,2340.294675812181,1253.5211497828784,946.076950199081,242.17219637445302,791.9897340867565
United States,Orlando,Florida,32839,28.5421218,-81.379045,2934.6110702208707,393.95769517125905,2520.954523061138,1658.7081470569005,1091.587504292895
United States,Clinton,Maryland,20735,38.7522607,-76.8969155,3191.129594033192,833.6205209125228,1865.0792655161188,1199.136483399381,1228.9580821323702
United States,Sandy Springs,Georgia,30328,33.9242688,-84.3785379,2537.6182843566744,369.25077483125403,1858.4326232574522,997.3486438189179,529.1827605548392
Canada,Moncton,New Brunswick,E1A,46.0985679,-64.8004265,4219.597762086089,2091.066399455409,2368.899831929618,2122.2084388612325,2435.2475186625634
United States,Oklahoma City,Oklahoma,73120,35.4729886,-97.5170536,1340.9536710544967,1562.677310662977,1410.481710667128,897.9957021744215,685.8095608906234
Canada,Vancouver,British Columbia,V6B,49.2608724,-123.113952,2049.3971229839344,3957.95820631732,1970.5405823636486,2663.428684914911,3114.921396183705
United States,Gilbert,Arizona,85234,33.3527632,-111.789037,52.394894917773954,2865.3998984110553,2095.1760320911912,2072.129299109939,2011.230615862204
United States,Olympia,Washington,98502,47.0451022,-122.8950075,1834.1400827253035,3892.847800879509,1997.127432162439,2629.1411537442486,3031.836247089275
United States,Mesa,Arizona,85204,33.4151005,-111.831455,59.583216397705606,2868.6403346692955,2091.615857799308,2071.826537100174,2013.6925974289386
United States,Caldwell,Idaho,83605,43.6678736,-116.689415,1273.3345690991857,3348.358581475593,1656.7487927272518,2144.954989344278,2471.2339051840067
United States,Marion,Ohio,43302,40.5885271,-83.1895249,2673.0346736829615,964.9728909290309,1326.6386720903308,625.9332674087565,850.6995747287301
United States,Florence,Alabama,35630,34.79981,-87.677251,2229.7907446344066,682.0726556712294,1639.4146685087878,780.9174310954721,212.00125252163744
United States,Columbia,Tennessee,38401,35.6148165,-87.0338464,2287.526094680271,675.2793668283829,1580.7177324205543,717.3505030166187,272.0079292545884
United States,Grand Prairie,Texas,75051,32.7459645,-96.9977846,1379.2656061730588,1493.9250427025122,1710.7891673343445,1122.3056958336856,699.6363049303096
United States,Thornton,Colorado,80229,39.8695516,-104.985181,985.4555622309957,2309.4723582702554,1154.875001724779,1227.4533066705194,1423.8273263884128
Canada,Vancouver,British Columbia,V5K,49.2608724,-123.113952,2049.3971229839344,3957.95820631732,1970.5405823636486,2663.428684914911,3114.921396183705
United States,Port Arthur,Texas,77642,29.8716577,-93.9332302,1723.6632829144517,1248.0827270785883,2038.0720148707865,1322.2135436725298,691.4504982309513
United States,Colorado Springs,Colorado,80906,38.8339578,-104.825348,910.1840403612565,2269.6171106962115,1244.2275698921371,1244.892948620459,1380.8593584193388
United States,Beverly,Massachusetts,1915,42.5489744,-70.8781883,3714.1779765360134,1471.198911368739,2061.7089167328118,1627.8324153401552,1842.9746252945147
United States,Anaheim,California,92804,33.8347516,-117.911732,580.2554284394702,3423.0191690826377,2403.5554863224943,2539.4436899676602,2556.7690901941314
United States,Saint Charles,Illinois,60174,41.9484385,-88.321444,2292.882716155103,1270.6423556262694,922.2130503525084,194.49195114089565,772.9543452861598
United States,Kent,Ohio,44240,41.1513108,-81.3578047,2835.1456620299514,1009.3938539260126,1401.9816984187478,769.5295665877226,1007.848277066981
United States,Cottage Grove,Minnesota,55016,44.8277446,-92.9438218,2093.6793841845147,1749.8651101215203,441.9550745184176,422.57864988012307,1108.8293893548391
Canada,Quebec City,Quebec,G1B,46.8137431,-71.2084061,3741.085829189802,1841.8543737605448,1874.5210244455275,1650.8324467120035,2033.603089483039
United States,Taylor,Michigan,48180,42.240872,-83.2696509,2702.775966705173,1146.5558579905314,1202.3128505401364,610.5903723607107,982.0226253205257
Canada,Charlottetown,Prince Edward Island,C0A,46.2354187,-63.1265388,4349.096319226506,2198.396420793857,2487.8007954329346,2251.8863058894044,2561.473762773745
United States,Providence,Rhode Island,2908,41.8239891,-71.4128343,3666.382573410977,1381.5365702979839,2059.4556802941142,1588.956639265069,1774.5059928938133
United States,Baytown,Texas,77520,29.7355047,-94.9774274,1631.1414865652964,1349.3955740150075,2046.749600525907,1361.39745349657,760.6122901349946
United States,Woodbury,Minnesota,55125,44.919896,-92.9339449,2099.913955392068,1757.2378701817117,433.8240171036009,431.29692387923643,1118.5781988515616
United States,Park Ridge,Illinois,60068,42.0112329,-87.8406031,2332.823256028228,1255.7743925964548,942.5174079174989,234.67523870220217,788.5341319136222
United States,Bartlett,Tennessee,38134,35.2045329,-89.8739753,2029.559628534561,884.1380269773816,1527.3081383901847,696.6655190703666,13.100476282324895
United States,Bozeman,Montana,59715,45.6794293,-111.044047,1424.3677355319999,2976.1257537265255,1159.3627242706375,1710.483445344659,2125.987378795539
United States,West Palm Beach,Florida,33407,26.715364,-80.0532942,3123.598580296446,604.4587696202049,2760.8880714232037,1899.2735368241676,1328.1893765295883
United States,Rome,New York,13440,43.2102196,-75.4583956,3349.5467363670436,1332.762867997066,1694.1336843601266,1255.5045223293116,1537.5723406814177
United States,Suffolk,Virginia,23434,36.7281341,-76.5834683,3222.592845511654,661.922402996744,2037.271473335808,1313.8431558919194,1217.703406647793
United States,Kenosha,Wisconsin,53142,42.5846773,-87.8212263,2354.721339268103,1310.2940363988505,896.5151762264594,259.63619332666707,850.8419271279577
United States,Perth Amboy,New Jersey,8861,40.5133218,-74.2724241,3421.3433224117425,1118.650203683198,1928.2320623611488,1369.6255414082366,1501.0787576445275
United States,Hot Springs,Arkansas,71901,34.5038393,-93.0552437,1738.1094333172525,1143.807513518833,1535.9493376247506,802.1196359501772,289.7050384040763
United States,Las Cruces,New Mexico,88001,32.3140354,-106.779807,471.4902383675301,2411.81080385833,1970.1006094523293,1759.013408064886,1583.5671799342485
United States,Sterling Heights,Michigan,48310,42.5803122,-83.0302033,2730.6852205706055,1180.4621245932167,1195.7230530311315,634.949813547272,1023.8276558576624
United States,Leominster,Massachusetts,1453,42.5267443,-71.7614891,3641.787563569691,1423.0959276742412,1997.9624368263253,1555.6056732217605,1774.5035245045742
United States,Altoona,Pennsylvania,16602,40.5193586,-78.3968299,3073.5287254708687,969.1858085985789,1642.156511904493,1025.7857006272732,1179.3842352092877
United States,Coppell,Texas,75019,32.9552598,-97.0155703,1375.9185121129624,1495.1747038486028,1687.5927320604303,1102.7452475878642,692.0048553220165
United States,Bethlehem,Pennsylvania,18018,40.6178915,-75.3786521,3328.560866730254,1078.0817625838458,1843.9380365926506,1275.5376045531136,1417.0273864121089
United States,New Castle,Indiana,47362,39.9289351,-85.3702477,2478.1881041197744,954.0407648615803,1253.247822760072,469.3175477145846,671.2395658497097
United States,Plantation,Florida,33317,26.1275862,-80.2331036,3130.167529403336,666.6430285522177,2811.9252293330737,1949.27927235172,1365.0384814561144
United States,Chico,California,95928,39.7284945,-121.8374777,1179.1877186472266,3733.9536264195967,2242.7579432423613,2633.2268940473227,2844.8832294488757
United States,Lehi,Utah,84043,40.3881114,-111.8486019,834.6842441392289,2892.464367006417,1510.7042214112012,1787.6693164499497,2004.6691726663537
United States,Auburn,Alabama,36830,32.6098566,-85.4807825,2452.2609253139017,416.8548917639642,1943.9631913164876,1080.7607097251382,499.5535272249694
United States,San Bernardino,California,92404,34.8253019,-116.0833144,453.2449993744985,3244.6998470027834,2209.3086178926455,2339.960779473543,2372.637843602201
United States,Lancaster,California,93534,34.6981064,-118.1366153,622.0760393060867,3432.774851476229,2347.4373322030715,2515.061028769858,2560.1691730657653
United States,Huntsville,Alabama,35810,34.729847,-86.5859011,2329.6725566136934,589.347478897129,1687.0751872257645,823.805879610942,311.61028461173044
United States,Thousand Oaks,California,91360,34.1705609,-118.8375937,670.6463130550491,3503.1603100343486,2434.265125456559,2598.5674335318586,2633.5662500682647
United States,Florence,South Carolina,29501,34.1984435,-79.7671658,2957.32669075798,266.11727912664367,2061.060049282757,1242.873048504966,938.4568021159827
United States,Covington,Washington,98042,47.3657791,-122.100222,1830.790832069897,3840.4463909070005,1930.7180141840133,2570.6973270645635,2982.7995945827693
United States,Coral Springs,Florida,33065,26.271192,-80.2706044,3120.8837682095923,650.3413904365234,2795.9000238288227,1933.324038859043,1350.5005870745947
United States,Miami,Florida,33142,25.7741566,-80.1935973,3148.3767021298904,706.1323318958205,2849.1443344960244,1986.2599317867164,1397.632928327576
United States,Normal,Illinois,61761,40.5092961,-88.9843937,2193.14035897569,1173.6551601539654,1020.6858603899972,168.7358185976292,605.7607721139512
United States,Lansing,Michigan,48911,42.7338254,-84.5546295,2614.440211967002,1223.6791251029856,1085.3149403770078,516.1119174134798,967.3447987903776
United States,Spokane,Washington,99207,47.6571934,-117.42351,1710.3694365093747,3507.032575806831,1579.7349368987088,2224.365178277952,2659.9057611159933
United States,Norwich,Connecticut,6360,41.5243631,-72.0759134,3609.9959359711693,1320.3257731327917,2027.277080669964,1537.2374795175808,1711.6445842926366
United States,Norfolk,Nebraska,68701,42.0283379,-97.4169964,1620.6543947345529,1817.9286038176856,684.1575930941838,572.0124173839181,1003.8948881935376
United States,Farmington,New Mexico,87401,36.7291152,-108.205445,537.3059682626437,2532.116362944721,1601.6404955185612,1606.7983754413046,1649.1546771644976
United States,Mcallen,Texas,78501,26.204114,-98.2300605,1503.5761058418898,1785.5898948954532,2443.3681505720224,1834.8344027189264,1266.2960016161803
United States,New Albany,Indiana,47150,38.2856247,-85.8241312,2413.0498207942096,813.322903682753,1375.9057686386786,535.8213329899919,510.5600868307477
United States,Santa Maria,California,93454,34.9531295,-120.435857,831.988299846496,3638.4776203472593,2476.198886317483,2693.2622478365174,2762.796022090871
United States,Daytona Beach,Florida,32114,29.2108147,-81.0228331,2946.798949338643,318.6752974227337,2470.3098477480357,1610.192275932416,1067.2655729963635
United States,Washington,District of Columbia,20016,38.8950982,-77.0363849,3179.3594766773176,842.0736420001366,1845.608856153336,1182.6413667370514,1221.6013292816936
United States,Troy,Ohio,45373,40.0394982,-84.2032767,2578.265468271946,928.5184422225291,1309.6539582822859,558.2001504815046,746.5716740883715
United States,Tinley Park,Illinois,60477,41.5733669,-87.7844944,2322.7250362984714,1211.659493775205,982.6990577717263,231.98634992488957,742.6796819594529
United States,Allen,Texas,75002,33.1031744,-96.6705503,1407.0486455196012,1462.959717941467,1670.2007675919713,1072.8229396232261,656.0185898052295
United States,Cuyahoga Falls,Ohio,44221,41.1362729,-81.4828123,2824.545246658146,1008.0484627640911,1394.8486212669266,759.2720623647513,998.6746129561913
United States,Camarillo,California,93010,34.2176371,-119.0383541,689.7521013897342,3520.8580199223147,2443.2491133104663,2612.7782819870454,2650.763556720793
United States,Wilson,North Carolina,27893,35.7059114,-77.9175714,3110.1066876717823,498.48096936559193,2037.1148646865674,1269.4256468009542,1093.619286364849
United States,Frankfort,Illinois,60423,41.4979467,-87.8495946,2315.121042347917,1207.3784185747402,985.7846757310439,226.34045879398303,733.1540404409823
United States,Wichita,Kansas,67212,37.6922361,-97.3375448,1412.8231682040873,1605.4880640480908,1163.200171211664,714.6113658551208,718.457232958575
United States,Haltom City,Texas,76117,32.7995738,-97.2691817,1353.5026655596505,1519.146536743443,1705.8960887351775,1129.4768535948583,720.5251943275877
United States,Manchester,Connecticut,6040,41.7834017,-72.5231973,3574.236602759785,1319.3084966767833,1980.7955319008508,1497.6099630394103,1686.267383623818
United States,Paterson,New Jersey,7501,40.9167654,-74.171811,3431.8130586277193,1160.3551558355823,1911.1099069614977,1371.1702817098244,1523.869449412979
United States,Pocatello,Idaho,83201,42.8620287,-112.450627,1111.3451575498066,2994.1015115583923,1392.8188730892218,1805.8067205385441,2116.562582430101
United States,Lewiston,Maine,4240,44.0990717,-70.2177099,3779.4096435201927,1637.6444377590753,2040.3742049566717,1682.3284368482853,1957.411944974106
United States,Peoria,Arizona,85345,33.5806115,-112.237294,89.11379552685446,2904.344684186781,2097.6833929772442,2094.402254661149,2046.994017442481
United States,Layton,Utah,84041,41.0751048,-111.9741925,911.2267692613157,2915.465247954204,1471.2327325003475,1785.3975058393873,2029.5746641879505
United States,East Point,Georgia,30344,33.6795531,-84.4393724,2534.5631611517038,360.12576762015277,1879.7890991681118,1017.8780575705263,532.0365374474413
United States,Smyrna,Georgia,30080,33.883887,-84.5147454,2525.4970290731626,377.52026623633566,1856.4526275682845,994.7522164476673,518.4028180584627
United States,Carol Stream,Illinois,60188,41.9125286,-88.1347927,2306.2967326339144,1259.021380651099,935.1137034863743,208.40797283651517,772.2226177535271
United States,Holyoke,Massachusetts,1040,42.2071184,-72.6075851,3570.1034910155568,1352.6721362422625,1952.3104104329925,1487.6141452440684,1696.766923540596
United States,Vineland,New Jersey,8360,39.4862777,-75.0254256,3353.962151396967,988.3729407894591,1941.0575716634326,1330.6846344816734,1406.2605843882698
United States,Amarillo,Texas,79109,35.20729,-101.8371192,950.3427311388917,1948.3018977285378,1509.5808594291252,1201.7026089023486,1078.077805160493
United States,Bakersfield,California,93309,35.3738712,-119.019463,722.4502848086145,3505.7080784904865,2350.940066422135,2556.645485808392,2628.5042469114096
United States,Port Saint Lucie,Florida,34952,27.2939333,-80.3503283,3074.0648321793033,536.513934990229,2690.1749558846923,1828.6458045289064,1261.2503842773554
United States,Highland Park,Illinois,60035,42.1836719,-87.7993245,2342.029620397362,1270.6149575686204,930.4180539159297,243.44832083067172,807.9575096122668
United States,South Bend,Indiana,46614,41.6833813,-86.2500066,2448.689267667177,1162.1516137304618,1058.5955975549618,359.96151696059144,798.6467239748188
United States,Hattiesburg,Mississippi,39401,31.3271189,-89.2903392,2120.239355197998,780.2042170760064,1955.9798347775743,1130.9406123424387,426.1978973845472
United States,Kirkwood,Missouri,63122,38.5800713,-90.4069177,2024.0030380304156,1111.4005955816576,1158.070953988646,318.9995450682297,386.966706423607
United States,Boise,Idaho,83704,43.6166163,-116.200886,1254.331782554821,3308.6731259235853,1623.43419611971,2105.914049501869,2431.693221343941
United States,Redmond,Oregon,97756,44.2726203,-121.173921,1505.25218173568,3713.2989159093527,1961.3129144192862,2499.8564811011497,2836.222945228284
United States,Eagan,Minnesota,55122,44.818173,-93.1659179,2078.4236256852028,1760.366148199118,433.5685434575141,430.1769595654843,1112.2443454626948
United States,Yucaipa,California,92399,34.033625,-117.0430865,505.7725308572116,3340.83061400346,2333.6015779722948,2458.127071814134,2473.9041371607696
United States,New Bedford,Massachusetts,2740,41.6362152,-70.934205,3705.339262480511,1392.9675384849706,2104.32405239258,1630.4508453856608,1805.7741837383714
United States,Florence,Kentucky,41042,38.9989499,-84.6266111,2525.7681855787564,833.5028971577229,1373.7158460938394,572.7837745081798,641.0125423415432
United States,Allentown,Pennsylvania,18103,40.6022552,-75.4716115,3320.6280999092114,1072.667925009838,1838.3930068393634,1268.0667861685142,1409.0773344781026
United States,Murrieta,California,92563,33.560832,-117.210656,511.81380355153016,3362.50214821733,2383.3268060289656,2496.3776855020915,2499.212451823538
United States,Bedford,Texas,76021,32.844017,-97.1430671,1364.8891725704495,1507.2587768453068,1700.4265479385465,1119.3611712290228,707.7463925686053
United States,Holland,Michigan,49423,42.7876022,-86.1090828,2494.5938044619406,1270.2421075490206,982.8833192310553,396.61198756598975,915.6509783935558
United States,Charlottesville,Virginia,22901,38.029306,-78.4766781,3052.3694318925463,703.261295777338,1816.4815813390421,1100.1114619644084,1075.4432021603282
United States,Rochester,Minnesota,55901,44.0234387,-92.4630182,2079.5662137931977,1656.9233446785856,538.0661349241309,325.7600666118133,1012.9275724405436
United States,Tamarac,Florida,33319,26.2128609,-80.2497707,3125.1679943533577,657.0294340877052,2802.648843627704,1940.0537352549575,1356.765155259495
United States,La Quinta,California,92253,33.677474,-116.2958789,430.0608475255387,3276.8464819812602,2318.3845025837068,2415.693833111711,2413.6197836807332
United States,Redlands,California,92374,34.0550328,-117.1827445,518.8445227791339,3353.349123543856,2340.3806755639844,2468.4666175799775,2486.1225289788504
United States,Auburn,New York,13021,42.9320202,-76.5672029,3256.0572459305367,1270.761421678371,1627.6235011793208,1163.6647138638145,1444.6942828358165
United States,North Charleston,South Carolina,29406,32.8546197,-79.9748103,2957.871899812807,135.66923760809385,2172.222125756602,1337.279256420702,954.8979384059679
United States,Lincoln Park,Michigan,48146,42.2505943,-83.1785361,2710.3247669808197,1146.2966815613593,1207.630006788082,618.1615527518245,987.548712345638
United States,Quincy,Massachusetts,2169,42.2509914,-71.0037374,3702.2197512476473,1439.488421379533,2067.334551565901,1619.2082837957657,1821.9971249217353
United States,Oceanside,California,92054,33.1958696,-117.379483,524.1701859388742,3383.445950684253,2424.303159708408,2529.605248491228,2523.052628606505
United States,Franklin,Tennessee,37064,35.925206,-86.8689419,2302.896836558666,683.2326019928893,1556.2514607513456,692.5293450276521,294.74962060103087
United States,Dubuque,Iowa,52001,42.5006243,-90.6647985,2134.158344982041,1433.6321758225079,758.7639844298095,117.51894078448326,823.1544099050568
United States,Broken Arrow,Oklahoma,74012,36.0525993,-95.7908195,1504.6163141960365,1422.9377399596115,1342.1197562589039,751.3602574804157,536.3577354727832
United States,Rockford,Illinois,61107,42.2713945,-89.093966,2244.6370990300125,1335.8005694402254,854.3611399420125,152.5352982621524,799.0970503701121
United States,Murfreesboro,Tennessee,37130,35.8460396,-86.3921096,2345.705654471268,643.9939890014986,1583.6002611393624,720.290538342033,334.01357125819953
United States,Bayonne,New Jersey,7002,40.6687141,-74.1143091,3435.3843626251205,1140.4658229351328,1930.0007305078536,1379.999244724217,1519.2671525207027
United States,Cambridge,Massachusetts,2138,42.3656347,-71.1040018,3694.6115852654457,1443.6602909623953,2054.215211129354,1610.267877622403,1818.5558592802363
United States,Quincy,Illinois,62301,39.9356016,-91.4098727,1977.5977844953663,1273.3591606438454,986.1914775812526,182.44586644079112,550.5432753107241
United States,Hillsboro,Oregon,97123,45.5228939,-122.989827,1702.3947940331032,3873.678144500351,2049.510999236186,2636.376880680372,3002.4136475175565
United States,Rockville,Maryland,20852,39.0817985,-77.1516844,3169.9425384622787,856.2461283825298,1824.666826472498,1166.8251335961454,1218.0080059072839
United States,Warner Robins,Georgia,31088,32.6200973,-83.606568,2625.8807361978147,244.15876666832386,2020.1612981380404,1158.689265113805,649.7482072631035
United States,Ann Arbor,Michigan,48104,42.2813722,-83.7484616,2665.5195035779016,1158.805423185236,1168.3664165153518,571.9432144027247,961.7329450875162
United States,Santa Barbara,California,93101,34.4221319,-119.702667,753.9141656734371,3578.689133179314,2469.6318300875955,2657.6214870161066,2706.6946239703743
United States,Noblesville,Indiana,46060,40.0460881,-86.0139854,2426.658697001201,990.2259463768149,1208.4482562445858,413.767246040635,649.3905949975905
United States,Mount Pleasant,Michigan,48858,43.597646,-84.7668495,2625.6969758785176,1320.8476923015353,1015.4136118718757,531.8556561854232,1043.1674593178393
United States,Orland Park,Illinois,60462,41.630663,-87.8536288,2319.0776359884103,1220.0971658676324,974.1272653563057,226.62862947804354,747.3124404274228
United States,Sparks,Nevada,89431,39.5347691,-119.7552534,1029.0750574719284,3555.381739518344,2106.635528565702,2465.839916654594,2666.3231805819983
United States,Salinas,California,93905,36.6744117,-121.655037,995.9191904860837,3730.1941796429132,2431.297048811309,2720.9237894497765,2846.300949230462
United States,Conway,Arkansas,72032,35.0891932,-92.4398402,1795.9973765190584,1102.8570022552044,1481.4017192144765,725.5193267882762,224.59786092989978
United States,Monroe,North Carolina,28110,34.9854275,-80.5495112,2877.935191183673,327.3253208872165,1948.1145006609727,1130.8178339474791,857.4372262409111
United States,Burlington,Vermont,5401,44.4761601,-73.212906,3547.1473793268783,1538.8782667206299,1803.1539810132515,1448.659065470728,1764.2629129329669
United States,Lawrence,Indiana,46226,38.8400395,-86.4880717,2363.8248103110495,896.7105292115879,1292.5197863879428,451.68977652750056,516.681079988003
United States,Roseville,Minnesota,55113,45.0060767,-93.1566107,2090.5704683953627,1775.825463232504,416.210290127467,447.99254884091175,1132.2305836010814
United States,Helena,Montana,59601,46.5927425,-112.036277,1524.7468895205307,3083.032626309081,1204.1299843009774,1802.9605669288787,2239.7022264180373
United States,Lebanon,Tennessee,37087,36.2079779,-86.2910945,2355.5711631307113,663.3641934288829,1552.294768897694,689.9822949272773,353.8507301401593
United States,Rio Rancho,New Mexico,87124,35.3108227,-106.6847453,540.2887306647901,2388.4354186392684,1666.3737526231562,1558.6056962847797,1516.7268261256243
United States,Frisco,Texas,75034,33.1505998,-96.8238183,1392.5197104596489,1477.2586180808596,1665.2927702839438,1075.0666457215648,667.3794372092215
United States,Morristown,New Jersey,7960,40.7970382,-74.4809868,3405.1777809247515,1134.8175117878247,1896.2955587805404,1347.305046147054,1494.8835475437688
United States,Jackson,Tennessee,38301,35.6144446,-88.8177418,2126.2954958434407,814.689543075212,1516.5364389823455,666.0146930141489,118.28230452560103
United States,Lake Elsinore,California,92530,33.6680772,-117.3272615,524.0809839461549,3371.7092017443606,2381.4424594952598,2500.2616786107974,2507.404002233079
United States,Pembroke Pines,Florida,33024,26.0061943,-80.2872086,3130.0917765869876,679.4219179169324,2821.8116590413833,1958.9730481353056,1371.8284110368506
United States,Champaign,Illinois,61821,40.1164841,-88.2430932,2243.022605870253,1100.2758636642977,1091.1377575577171,245.14148558685102,576.2861575464043
United States,Dearborn,Michigan,48126,42.3222599,-83.1763145,2712.326808047986,1154.115302957669,1202.9816479815402,619.2041536394221,993.8850666392559
United States,Santa Ana,California,92704,33.7494951,-117.873221,575.3510741786289,3420.6739025878423,2408.211425774883,2540.6779542153035,2555.125677710924
United States,Tallahassee,Florida,32303,30.4380832,-84.2809332,2608.3475463339687,353.90810774859654,2210.8377941126087,1347.501925441617,743.8524483273616
United States,Temecula,California,92592,33.4946353,-117.147366,505.1367034384333,3357.6270553441846,2385.0534814005805,2494.7196245445075,2494.9664878728827
United States,Costa Mesa,California,92627,33.6633386,-117.903317,576.8664763433385,3424.6566332930347,2417.2011476899875,2547.6034570737,2559.7533895089655
United States,Glenview,Illinois,60025,42.0700662,-87.8114044,2337.1388072335085,1260.1921957467964,939.1881679847279,238.72672270126927,795.468920944869
United States,Bullhead City,Arizona,86442,35.1449998,-114.5627804,360.07618159415654,3104.033563921923,2091.0617515297126,2199.794739176281,2230.598845925676
United States,Lindenhurst,New York,11757,40.6867667,-73.3734547,3497.890874276206,1179.4486877879356,1981.5994965030638,1441.3932305270746,1579.2074246254567
United States,Superior,Wisconsin,54880,46.7207737,-92.1040796,2266.2656398446397,1879.2837663240653,343.8420042014459,599.1940502335931,1302.4747313616704
United States,Dublin,Ohio,43017,40.0996009,-83.1135563,2670.9213929957805,910.4568561778386,1369.1583918915,644.9059401867917,819.1450564691626
United States,Visalia,California,93277,36.3302284,-119.292058,787.8097356020991,3522.1434477929743,2296.295663985596,2538.028580085408,2640.188295620063
United States,Missoula,Montana,59801,46.8701049,-113.995267,1566.8087362019646,3234.0195819442183,1342.514110956498,1955.3531493266757,2387.624513004687
United States,Gaithersburg,Maryland,20877,39.1399187,-77.1929215,3166.587251586312,860.5455063436682,1817.8084893654075,1161.5189585178189,1216.546771859889
United States,Longview,Washington,98632,46.1377048,-122.934462,1754.030642544017,3879.3052781533966,2025.5537232470326,2630.8560195020204,3011.936407147804
United States,Westfield,New Jersey,7090,40.651726,-74.3483059,3415.583465064841,1127.6382245950267,1914.4514701030334,1360.8009057779298,1499.9934338299654
United States,Gulfport,Mississippi,39503,30.3674198,-89.0928155,2160.8504964627305,784.2826002580152,2063.9073229376363,1238.9813740797226,534.5261089246277
United States,Atlantic City,New Jersey,8401,39.3642852,-74.4229351,3405.53804204281,1008.6853224158122,1990.7339201508184,1384.182452751916,1452.826145248794
United States,Sierra Vista,Arizona,85635,31.5647691,-110.2742994,202.9569674024952,2749.6984859579675,2191.322708721056,2068.590387476276,1923.3430067189524
United States,Chattanooga,Tennessee,37421,35.0457219,-85.3094883,2444.7766665131257,511.7687227560173,1708.1682935121632,846.4819365878051,424.21855014372625
United States,Belleville,New Jersey,7109,40.7937116,-74.1501438,3432.9781240861757,1150.1144807000383,1919.9636284085977,1374.911445230942,1520.9759541989547
United States,La Crosse,Wisconsin,54601,43.8122836,-91.2514355,2153.3953870593396,1577.5256206973822,611.7085569551293,268.99755172986625,973.0067383075809
United States,Round Rock,Texas,78664,30.5085915,-97.6788056,1357.7500082742474,1584.4281070073507,1962.3368381426105,1373.1370402789685,883.5311622536484
United States,Andover,Massachusetts,1810,42.65717,-71.1408776,3693.3909193910827,1466.3994425153667,2037.1086618663333,1605.911376605821,1827.1027809156321
United States,Milford,Connecticut,6460,41.2222218,-73.0570603,3526.7642696443154,1242.7516733229525,1973.184446528829,1459.5451595923798,1623.2983055123252
United States,Harlingen,Texas,78550,26.1907543,-97.6960599,1549.3612435365233,1738.2391900607045,2441.894735780912,1818.046408867295,1236.4553286851944
United States,Redwood City,California,94061,37.4863239,-122.232523,1079.1251976520423,3775.2520173218654,2415.0425479788128,2738.142263479122,2888.882915696001
United States,Bryan,Texas,77803,30.6743643,-96.3699632,1474.6779683447287,1457.874625712996,1939.8368098796416,1305.668574313261,774.9218428692913
United States,Malden,Massachusetts,2148,42.4268484,-71.0683741,3697.8866769898327,1450.7243395384444,2053.7746403685246,1612.8540651285848,1823.6446957841572
United States,Littleton,Colorado,80122,39.613321,-105.016649,962.0555877747611,2305.093419517705,1179.957150563311,1236.7228948170673,1418.3283094657486
United States,Saint Peters,Missouri,63376,38.791612,-90.5958468,2012.9064032432775,1138.793031667113,1130.151372135008,295.20278853340477,412.2934192572073
United States,Norman,Oklahoma,73071,35.2225717,-97.4394816,1344.1992330198757,1551.450566870624,1437.7822940114067,914.9999031257205,678.785148294457
United States,Grapevine,Texas,76051,32.9337381,-97.0788754,1370.1792463554373,1501.1083773837984,1690.2115734278934,1107.7269390300778,698.3784163197811
United States,Gastonia,North Carolina,28052,35.2622654,-81.1838186,2818.2837619727857,354.3870064102522,1889.0683939182775,1067.5298783235344,798.434726187952
Canada,Vancouver,British Columbia,V6E,49.2608724,-123.113952,2049.3971229839344,3957.95820631732,1970.5405823636486,2663.428684914911,3114.921396183705
United States,Jefferson City,Missouri,65109,38.577359,-92.1724265,1874.2304142909516,1236.9043323523242,1108.996606682788,347.1132395683843,431.67548592171386
United States,San Clemente,California,92672,33.4270275,-117.6124179,547.3585051375376,3401.381628385161,2419.0169068174464,2536.226981667916,2538.7296619573085
United States,Hesperia,California,92345,34.4220358,-117.3046869,540.2419264691451,3360.10440184368,2317.6527435604557,2460.0366579712863,2490.0305057857804
United States,Henderson,Nevada,89015,36.0319602,-114.9822716,457.6880107638036,3137.4090463787998,2042.9901664528343,2193.3134844974143,2258.118631620595
United States,Encinitas,California,92024,33.0369867,-117.2919818,515.6063151822975,3377.872186133891,2432.4866741195465,2531.1139661611883,2518.9961970169793
United States,Salem,Virginia,24153,37.293198,-80.0556773,2912.851851352354,587.7280864938015,1778.0748019223172,1013.6381246852296,921.448090648199
United States,Yuma,Arizona,85364,32.7210307,-114.6203217,267.18061053160517,3135.7747767449605,2304.8836386650523,2333.6673316248243,2284.116378428998
United States,Waterbury,Connecticut,6708,41.5541144,-73.0435615,3529.70630237343,1272.8409847355724,1955.5891256720938,1456.7623096679954,1636.8711821950694
United States,Warwick,Rhode Island,2886,41.6992717,-71.4586114,3662.0427887917117,1368.6409324166948,2062.729727842395,1586.415759134542,1766.4868909252195
United States,Passaic,New Jersey,7055,41.0461864,-74.3177933,3420.332929132134,1165.4975961002951,1893.0898394251046,1357.1313819106217,1517.3744769470495
United States,Parker,Colorado,80134,39.5184514,-104.7612638,968.7779195596004,2281.311289356962,1176.7386381787576,1218.1463222930643,1394.384098394561
United States,Longmont,Colorado,80501,40.1672117,-105.101928,1004.8130406439973,2327.5662144145954,1133.5398405752192,1230.2269475130543,1443.2941389675084
United States,York,Pennsylvania,17403,39.962493,-76.7276989,3210.3337563016235,960.281044035084,1792.668861597603,1176.7678138778656,1284.200050054545
United States,Roseville,Michigan,48066,42.4972583,-82.9371409,2735.9304236360044,1170.170547281876,1207.2992444088798,641.1402371213429,1021.3485688033203
United States,Broomfield,Colorado,80020,39.9403995,-105.05208,987.8581937752529,2316.97957962389,1151.651435283309,1231.2901644882818,1431.6012902338096
Canada,Winnipeg,Manitoba,R0H,49.8955367,-97.1384584,2242.390125328069,2384.918671166626,209.50005173442298,1068.3666755139764,1743.1196786833862
United States,Bowling Green,Kentucky,42104,36.9929203,-86.4428677,2346.020241303327,734.2014705258317,1469.3786801973586,609.2099071971463,379.5421514502991
United States,Pensacola,Florida,32503,30.421309,-87.2169149,2334.636642985254,610.8559364676249,2110.295141471996,1262.1635781906455,582.1610555321207
United States,Hendersonville,Tennessee,37075,36.3049177,-86.621443,2326.3004695461054,692.6436662964355,1528.8367359080898,665.7025087225741,329.97013239408795
United States,West Allis,Wisconsin,53214,43.0166806,-88.0070315,2356.8927991244327,1359.6644621163803,851.6646159652314,273.58428563103143,894.4896377780487
United States,Kenner,Louisiana,70065,29.9942265,-90.2417806,2063.61290367444,901.9811283064483,2078.021575334931,1273.7485584706844,570.2457345929722
United States,Davis,California,95616,38.5435526,-121.739005,1097.435237278043,3726.999302157323,2310.1629918913295,2660.5803966706,2838.6841376582033
United States,Edinburg,Texas,78539,26.3013982,-98.1624501,1503.438054047096,1774.8662405125363,2432.1481338693347,1822.3369378267362,1253.590696131461
United States,Fort Collins,Colorado,80525,40.5871782,-105.0770113,1043.0889326184138,2338.174410382976,1094.7287486177802,1219.7989493808625,1456.476170109985
United States,Pharr,Texas,78577,26.1947962,-98.1836216,1508.0331104289016,1781.854009019427,2444.110029638803,1834.1784031544848,1264.3781090409243
United States,Sheboygan,Wisconsin,53081,43.7128967,-87.9370433,2390.427738234953,1425.4045372280277,803.4849942175022,331.37477860874134,971.5163136058538
United States,Englewood,Colorado,80112,39.6482059,-104.9879641,966.5946898656905,2303.641509655078,1175.3672750340538,1233.3979391535308,1417.0363042232325
United States,Waco,Texas,76706,31.5545147,-97.1325618,1383.5701359491395,1515.699479837074,1843.6540961848013,1245.787281938801,774.0000376070777
United States,Waukesha,Wisconsin,53186,43.0622536,-88.3123889,2335.515424277068,1376.232354328614,830.5220843685967,258.19072964318013,894.8850603712068
United States,Georgetown,Kentucky,40324,38.2099837,-84.5597128,2522.026208091332,751.3778103017103,1446.7117533251137,626.2686153973366,592.4567519409305
United States,Cedar Rapids,Iowa,52402,41.9758872,-91.6704053,2035.0922278681146,1444.7754632237927,769.2118952487781,108.99083593066207,776.755211332152
United States,Saint Paul,Minnesota,55106,44.9497487,-93.0931028,2091.2642683678046,1767.8167121019985,424.17950805133614,440.09913594862945,1124.8991999937286
United States,Thomasville,North Carolina,27360,35.8831786,-80.081817,2914.0823780356923,433.3654838910339,1895.4047714945623,1099.2513889751874,898.8782141680592
United States,Wheeling,Illinois,60090,42.138889,-87.9310944,2330.15303776425,1271.794427187211,926.9182916979121,231.56520448041698,800.528992864769
United States,Stockton,California,95207,37.9577016,-121.290779,1030.22532657435,3689.977665412433,2317.408402650151,2642.8905372377285,2802.656855826619
United States,Arvada,Colorado,80004,39.8005505,-105.0811573,974.3102455876736,2315.5020027389787,1165.8421043074009,1237.1673430103253,1429.452144337032
United States,Twin Falls,Idaho,83301,42.5558542,-114.4700684,1101.4651247057404,3148.5746522023796,1552.6787091049353,1972.5808969960297,2267.3563752414584
United States,Laguna Niguel,California,92677,33.5225261,-117.7075526,557.1142802514905,3408.717883196255,2416.859381237085,2538.954807061173,2545.1669022474703
United States,Marlborough,Massachusetts,1752,42.3468589,-71.5525188,3657.698149811401,1418.295925534622,2022.2784998652435,1573.5631396632073,1783.2796831201076
United States,Redmond,Washington,98052,47.6694141,-122.1238767,1860.4034141358088,3848.8982821289433,1925.6537675446248,2574.538625150524,2993.6434267598147
United States,Woodland,California,95695,38.6786109,-121.7733285,1107.970008785269,3729.6030377720635,2303.8559798110405,2659.0992413531494,2841.120577984134
Canada,Regina,Saskatchewan,S0G,50.4479733,-104.6158764,2039.2644542512796,2811.83746727795,663.8642028580887,1472.6486956158321,2073.6814356839077
United States,Iowa City,Iowa,52240,41.6612561,-91.5299106,2032.343517033687,1411.5389096894407,805.7913022328491,83.732819833775,740.1676778432993
United States,La Porte,Indiana,46350,41.6105983,-86.7225227,2408.689100997987,1172.0558072300485,1037.5268042978068,320.3959879155376,775.4015986818669
United States,Lake Forest,California,92630,33.6469261,-117.6859213,556.6731977588017,3404.9358394816395,2405.1722523701833,2530.67481758125,2540.4032989189714
United States,Coral Gables,Florida,33134,25.7331105,-80.2585107,3144.0653661543756,709.9186028560378,2850.5192439441867,1987.5114874028143,1397.0166087072932
United States,The Colony,Texas,75056,33.0890094,-96.8863922,1387.057910209537,1483.0623821470112,1672.3148652773111,1083.8861189311185,675.2910827471227
United States,Marysville,Washington,98270,48.0517429,-122.1768209,1898.7588431999427,3861.540602349699,1921.745926408547,2581.6498115902787,3009.3679299541627
United States,La Porte,Texas,77571,29.6657838,-95.0193729,1629.5049215052338,1355.291149311025,2054.318361450178,1369.9604080079698,769.2479265786621
Canada,Winnipeg,Manitoba,R3R,49.8955367,-97.1384584,2242.390125328069,2384.918671166626,209.50005173442298,1068.3666755139764,1743.1196786833862
United States,Bridgeton,New Jersey,8302,39.4269659,-75.2341587,3335.9253259634106,972.6888907512329,1930.638822976013,1315.0019006649884,1387.2277701955227
United States,San Luis Obispo,California,93405,35.3540209,-120.375716,838.3598289666916,3628.354952005975,2441.6439002858688,2670.070544790211,2750.561094065266
United States,Conroe,Texas,77301,30.3118769,-95.4560512,1569.441799563584,1379.5692710327924,1981.0385318499448,1313.5496718017353,740.5817734934925
United States,Urbandale,Iowa,50322,41.6274511,-93.7380243,1863.021349104404,1544.3516278385614,746.9674009799797,264.81031417594295,794.6570204346998
United States,Eugene,Oregon,97405,44.0505054,-123.0950506,1582.6099604797128,3862.690398187162,2112.8637314628727,2654.530155567646,2983.620219758916
United States,Cheyenne,Wyoming,82001,41.139981,-104.820246,1105.357048528847,2335.6012798863517,1032.9121965705335,1190.062447279866,1458.5579149219686
United States,Arlington Heights,Illinois,60004,42.0811563,-87.9802164,2324.286378212465,1268.3517566090811,929.0856817481882,225.73157579732242,793.3480772451002
United States,Auburn,Washington,98002,47.3075369,-122.2301808,1830.5555595896099,3848.8011054375556,1941.65913452033,2580.1325072606433,2990.5377083942576
United States,Vancouver,Washington,98661,45.6306954,-122.6744557,1696.8746658992454,3851.0538913928135,2022.489536752789,2611.521260757754,2980.6702261611263
United States,Burlington,North Carolina,27217,36.0956918,-79.4377991,2970.857748847082,472.06583445409086,1914.387491847598,1132.0303614881734,957.9761696059353
United States,Carlsbad,New Mexico,88220,32.4257456,-104.237612,706.6697384932714,2173.023087355571,1871.5553664091008,1572.241224381918,1350.9133550418019
United States,Edmond,Oklahoma,73034,35.6571367,-97.4649038,1348.7168585998124,1561.4689557552686,1389.7254130244444,879.3701980870153,681.8068778136085
United States,Montebello,California,90640,34.0159398,-118.111975,601.8269832844795,3438.898286309512,2401.133179472632,2546.641571764543,2571.081232095498
United States,Shelton,Connecticut,6484,41.3164856,-73.0931641,3524.234404020243,1249.2404984167304,1965.2589759569862,1455.3482804263117,1623.9401476431483
United States,East Orange,New Jersey,7017,40.7642404,-74.215011,3427.371525645043,1144.3122704765062,1917.1210790037396,1369.9926114562506,1514.7350903654203
United States,Overland Park,Kansas,66212,38.9742502,-94.6851702,1677.2059346534602,1447.5346181636298,1023.9321312319238,444.8166554291315,598.9463428888919
United States,Hickory,North Carolina,28601,35.7333312,-81.3442915,2801.0946809625334,407.34184964464094,1838.3490597542864,1021.6537314642692,784.4081612734223
United States,San Angelo,Texas,76903,31.4649685,-100.4405094,1077.1768197541583,1828.2471075594892,1886.505927536635,1416.312911766891,1053.7271733710234
United States,Marion,Iowa,52302,41.3144108,-93.1010141,1896.777950841433,1481.2839981386728,794.6514937844065,212.04878394611237,741.19178379995
United States,Morgan Hill,California,95037,37.130408,-121.6544974,1016.0687014790047,3726.6442334469384,2399.270342577101,2703.2133510809185,2841.3137637022824
United States,Murray,Kentucky,42071,36.6106122,-88.3021092,2177.9939534875957,831.9412878819307,1432.2727029725672,572.0877243065855,224.01081530469358
United States,Antioch,California,94509,38.0093296,-121.8106925,1072.646419991502,3735.2809431074447,2350.3396622082796,2684.413950698062,2847.8202659945823
United States,Richardson,Texas,75080,32.9481789,-96.7297206,1402.5847307440745,1468.5112291706355,1687.5588833016618,1090.613029207807,667.6940326019297
United States,Fremont,Nebraska,68025,41.4338363,-96.4960449,1650.0625851054722,1718.0197427044318,743.7854109799202,494.2592179795345,903.6751815019999
United States,Greenwood,Indiana,46142,39.6136987,-86.1095429,2409.847647505816,952.1017149870158,1241.3888012050274,428.11440764287624,605.1753810828408
United States,Homestead,Florida,33030,25.4718946,-80.4759905,3134.9377589840337,736.7789828340941,2867.743327895947,2004.3338338947226,1406.0410073439898
United States,Torrance,California,90503,33.8371392,-118.3413606,619.5470904033932,3462.3544316319553,2430.0938141158003,2574.5502600284335,2595.646595511414
United States,Apple Valley,California,92307,34.5008311,-117.1858759,532.5045006796266,3348.3828868403357,2303.832037627821,2446.3863842251217,2477.8378731474168
United States,Goldsboro,North Carolina,27534,35.3848841,-77.9927651,3106.0736233022467,466.10078343723416,2059.4118444138817,1284.153584543343,1087.4364954675093
United States,Nashua,New Hampshire,3060,42.7656251,-71.4677032,3667.50260992433,1458.8401832908564,2007.8199693059164,1578.9064862390317,1806.6669158048403
United States,Deer Park,Texas,77536,29.7052284,-95.1238204,1618.5759202220931,1363.9241695900637,2049.5239230655166,1368.5310703425082,771.8297127666782
United States,Tuscaloosa,Alabama,35401,33.2095614,-87.5675258,2250.9123692246244,619.4919252978127,1807.2992822729443,953.2983786748422,306.4335411436587
United States,Ormond Beach,Florida,32174,29.2854132,-81.0557921,2941.4702802983734,310.3342976668667,2461.475870255255,1601.405749994371,1059.4733902947894
United States,Keller,Texas,76248,32.9299655,-97.2271249,1356.4005692807802,1514.9484775281574,1691.2280004546406,1114.9466468612322,711.3513372704912
United States,Hoover,Alabama,35244,33.350293,-86.851123,2315.6306825008,557.3660834291088,1817.4727379477242,957.9046845113179,347.646482288836
United States,Muskogee,Oklahoma,74403,35.6630196,-95.3927706,1534.1949783747568,1378.0687321194341,1386.573174514615,767.6389149099891,495.132052044673
United States,Rogers,Arkansas,72756,36.334857,-94.1193816,1657.6064437523291,1287.143082948413,1321.1692044916904,646.1073534572197,398.1364235058274
United States,Pompano Beach,Florida,33068,26.2378597,-80.1247667,3135.78384103595,655.888688517958,2805.5247483917656,1943.1826013623172,1362.850003738822
United States,Fairfield,California,94533,38.2493581,-122.039966,1103.2114441834538,3754.264941837307,2350.597702520207,2695.332230323495,2866.366852500353
United States,Oak Park,Michigan,48237,42.4595317,-83.1821445,2715.4138050268893,1169.237381947474,1193.5067312057552,620.6604323068435,1005.5764930673898
United States,New Brunswick,New Jersey,8901,40.4936119,-74.4436416,3406.7909468679813,1108.584681115259,1917.352055423627,1355.7264127886924,1486.6613857871755
United States,Greeley,Colorado,80634,40.4233142,-104.7091322,1047.8694385263714,2303.2134824123955,1090.9816243612136,1192.1947582230137,1421.0358703771349
United States,Kissimmee,Florida,34741,28.2918995,-81.4075838,2940.2463106714254,421.90865300709055,2544.710021573044,1682.1121015998885,1109.2008298707137
United States,Sanford,Florida,32771,28.8117345,-81.2680223,2936.2861447473956,363.39743070053896,2498.9514492238677,1637.3540046984672,1078.8179104248325
United States,Danville,Illinois,61832,40.125222,-87.6304614,2293.9507008146543,1070.0042397300526,1119.2204458514964,287.4485847331249,593.7027456017413
United States,Westminster,California,92683,33.7578725,-117.9859054,585.7979779091047,3430.890382787751,2414.493276095964,2549.4742737264783,2565.1574078783956
United States,Mansfield,Texas,76063,32.563487,-97.1420308,1367.5966242201598,1508.0801243165768,1731.5883285567454,1146.586524545994,720.3680857854918
United States,Fargo,North Dakota,58103,46.877229,-96.789821,2006.5530259811046,2118.8254540279363,145.46655000870896,781.2643648411423,1425.9777788764166
United States,Laurel,Maryland,20707,39.0984317,-76.8485094,3196.149873014507,869.605721820855,1843.7048343106344,1191.2795580277912,1243.5710763444122
United States,Bellingham,Washington,98226,48.7544012,-122.478836,1977.2430649664248,3900.2299470814546,1931.6649961192684,2611.171572055223,3053.6704394853023
United States,Missouri City,Texas,77489,29.6185669,-95.5377215,1583.1891872350895,1405.0519413126644,2057.9044790689213,1389.349130154407,804.1624977552387
United States,Pearland,Texas,77581,29.5639758,-95.2864299,1608.1900025117839,1383.1637256844585,2064.657082855259,1388.0372408347769,793.8581423247178
United States,Rochester Hills,Michigan,48307,42.6583661,-83.1499322,2723.25136631712,1190.5967066732715,1182.70890938306,626.7037233867665,1024.6923854042009
United States,Maple Grove,Minnesota,55369,45.0984983,-93.4419222,2077.7780399229378,1798.167973923069,395.6641873184748,468.059400780307,1148.1134224766065
United States,Chapel Hill,North Carolina,27514,35.9131542,-79.05578,3006.207109131455,465.9544830896064,1952.161268728239,1171.8160791432947,991.3573529402327
United States,Commerce City,Colorado,80022,39.8083196,-104.9338675,983.0986139269602,2303.5266337159123,1158.0230576810281,1224.7201386090032,1417.6512897132443
United States,Wheeling,West Virginia,26003,40.0639616,-80.7209149,2872.310720030195,888.8124617212274,1520.7538873472665,842.8514320261431,982.4019800748881
United States,Citrus Heights,California,95610,38.7071247,-121.2810611,1074.0236542926207,3686.823691924077,2267.2388542536955,2617.24752216225,2798.31981975181
United States,Pico Rivera,California,90660,33.9830688,-118.096735,599.7984386122585,3437.9441032409586,2402.871983938686,2547.0537382038324,2570.3858822416896
United States,San Mateo,California,94403,37.496904,-122.3330573,1087.6565209655546,3784.036079706408,2421.356642568198,2746.1329654205488,2897.627713157452
United States,Waterloo,Iowa,50701,42.498275,-92.3328743,2009.5278328817499,1524.4444441373291,693.4647126966778,187.15597938421905,845.7321053182768
United States,Elkhart,Indiana,46514,41.6012796,-85.8590603,2477.731368184248,1140.5600576344214,1087.8576905667906,392.13731533141043,804.9347209736237
United States,Loveland,Colorado,80538,40.3977612,-105.07498,1026.4263457267311,2332.200232923875,1111.4885428752232,1223.1858035651742,1449.2968451576423
United States,Inglewood,California,90301,33.9562003,-118.353132,622.6105774660127,3461.776327319513,2421.0966462426145,2569.4646503432086,2594.168903025364
United States,La Mesa,California,91941,32.7678288,-117.0230839,491.14782121146874,3357.419282441882,2439.389269526763,2524.1585880291086,2501.397515554211
United States,Modesto,California,95351,37.6393419,-120.9968892,990.179299502758,3665.6115893170186,2318.589138693511,2629.628278220282,2779.01973810184
United States,Independence,Missouri,64055,39.0924792,-94.4137923,1703.6110501865871,1433.1525264063248,1013.678643507913,418.38502169155913,591.935391094095
United States,Clovis,New Mexico,88101,34.405472,-103.2050709,810.2978756466697,2068.940531402805,1632.2737273087484,1354.9011956070071,1210.6222000057494
United States,Grand Island,Nebraska,68801,40.924271,-98.338685,1488.9353682849955,1823.8916568625168,818.0213592505631,652.8505426626108,975.9623558794603
United States,Melbourne,Florida,32935,28.0785034,-80.6077908,3022.135726771668,446.9177522339001,2600.8205282801828,1739.8346889120976,1181.7081136883774
United States,Pine Bluff,Arkansas,71603,34.2228884,-92.004334,1834.6340481356551,1043.3265602168935,1583.6163364934534,813.0522091865153,210.87126431586896
United States,Saint Cloud,Minnesota,56301,45.5616075,-94.1642004,2062.0372066073614,1874.07425174639,323.0961202785885,541.7480516418119,1214.0257968405176
United States,Miramar,Florida,33023,25.9873137,-80.2322706,3135.969724326174,682.1382979813293,2826.05461724768,1963.2858335239418,1376.9727525957796
United States,Mentor,Ohio,44060,41.6664781,-81.3399769,2846.150814845965,1066.6263068724713,1368.2204154973233,767.6550707249711,1045.9176097026843
United States,Meridian,Idaho,83642,43.6086295,-116.392326,1258.7114427913957,3323.6469651971333,1637.7859505626443,2121.34991272013,2446.4475024708454
United States,Danville,California,94526,37.8225892,-122.0008254,1077.4735617043427,3752.8752015072337,2376.148506783439,2706.764167182087,2865.7714716794585
United States,Springdale,Arkansas,72762,36.1867442,-94.1288142,1654.4893824242156,1283.012993417112,1337.4301752679671,661.1631681746568,393.9901522399458
United States,Sunnyvale,California,94086,37.3688301,-122.036349,1057.893049176327,3758.741527090635,2409.354294875427,2726.114447840941,2872.6951980127287
United States,Coachella,California,92236,33.6794956,-116.17628,419.2325391048355,3265.8299629721423,2311.0836464075023,2405.8594791438763,2402.7215229963476
United States,Aberdeen,South Dakota,57401,45.4649805,-98.487813,1802.7969210178223,2110.545002057941,343.38281357732984,779.5312939514837,1356.7444099983823
United States,Jupiter,Florida,33458,26.9342246,-80.0942087,3111.397978927065,579.7863602004425,2737.2704289923013,1875.8626311558594,1307.6699698404764
United States,Dublin,California,94568,37.7021521,-121.9357918,1066.2419905681988,3747.8283941357004,2379.693167813877,2705.619067393064,2860.991660392342
United States,Grove City,Ohio,43123,39.8814519,-83.0929645,2669.224141153652,886.3791857778909,1387.6274523503332,653.6151872693868,805.0048191540169
United States,Elyria,Ohio,44035,41.3673191,-82.1073583,2777.3943089027375,1037.0888908304003,1338.061276060304,705.1801498941413,976.2008043880093
United States,Hagerstown,Maryland,21740,39.6430455,-77.7191081,3123.8503428856693,894.3092996054331,1747.43607903503,1102.756419902436,1192.4113935640157
United States,Saginaw,Michigan,48601,43.4200387,-83.9490365,2682.873671242055,1285.984539479897,1081.3510208824375,585.4648665267213,1058.0813299952413
United States,College Station,Texas,77840,30.6183939,-96.3455991,1478.4163593443002,1456.6841591964971,1946.0443121098215,1310.5831312492785,777.3017391243046
United States,Ontario,California,91761,34.065846,-117.64843,560.9882631681382,3395.8308008510166,2368.205504219257,2506.080255386721,2528.0805003711375
United States,Renton,Washington,98059,47.4799078,-122.2034496,1845.6680262891657,3850.547287485,1935.6917083513727,2579.1720322750743,2993.669664639707
United States,Canton,Michigan,48187,42.7269261,-84.6433146,2607.260306382148,1224.9087213383868,1080.0419949577063,508.90059450018896,963.0079600937762
United States,Summerville,South Carolina,29483,33.0186699,-80.1762704,2936.541026953168,135.24680786655412,2146.600312144458,1311.16281993955,931.4560713662615
United States,Gladstone,Missouri,64118,39.2214765,-94.5719748,1695.3536402115453,1452.0309379199698,997.7412782219516,420.07754436656575,611.727913149936
United States,Whittier,California,90604,33.9749136,-118.0338664,593.9321686264446,3432.299196318949,2399.6208840140034,2542.307724991185,2564.8627753867036
United States,Abilene,Texas,79605,32.44645,-99.7475905,1125.6580863136164,1752.7581827441454,1768.2725374651966,1289.6121603733743,950.6077575220826
United States,Burlington,Iowa,52601,40.8126922,-91.1020205,2032.6021283969083,1319.5445325015537,906.4252441431057,83.5677001964303,640.9719317072853
United States,Palatine,Illinois,60067,42.1105502,-88.0434304,2320.36745385913,1273.8407379392947,923.1999338816192,221.77949004876555,795.3598753082932
United States,Oak Park,Illinois,60302,41.8878145,-87.7887615,2332.718296602022,1241.781719102175,955.6994808864814,235.80298609879236,776.3281984320236
United States,Port Orange,Florida,32127,29.1386874,-80.9968286,2951.4227965529667,326.75124602507935,2478.5903056758575,1618.4078608013003,1074.3855621104008
United States,Danbury,Connecticut,6810,41.394817,-73.4540111,3494.6010371713896,1238.3592544213977,1934.8762854665954,1424.471350424724,1598.6409337824527
United States,Everett,Washington,98208,47.9793437,-122.2127011,1893.2575132892196,3862.4637043015173,1925.783363735704,2583.6641541217145,3009.633845608913
